"ID","ID2","file","sha256","found","filesize"
7,NA,"20220224_EH_XRD_RM20230222CuPc_General_01.asc",NA,FALSE,10441
8,NA,"20220224_EH_XRD_RM20230222CuPc_General_01.ras",NA,FALSE,62852
9,NA,"20220224_EH_XRD_RM20230222CuPc_General_01.rasx",NA,TRUE,11793
10,NA,"20230224_EH_XRR_RM20230222CuPc_Reflectivity_01.asc",NA,FALSE,6575
11,NA,"20230224_EH_XRR_RM20230222CuPc_Reflectivity_01.ras",NA,FALSE,49369
12,NA,"20230224_EH_XRR_RM20230222CuPc_Reflectivity_01.rasx",NA,TRUE,9006
13,NA,"20230327_EH_AFM_EH20230220Si01_20230328_10.0x10.0+Error Signal_Backward_018.tiff",NA,TRUE,133899
14,NA,"20230327_EH_AFM_EH20230220Si01_20230328_10.0x10.0+Error Signal_Forward_018.tiff",NA,TRUE,133899
15,NA,"20230327_EH_AFM_EH20230220Si01_20230328_10.0x10.0+NCM Amplitude_Backward_018.tiff",NA,TRUE,133899
16,NA,"20220224_EH_XRD_RM20230222CuPc_General_01.asc",NA,TRUE,10896
17,NA,"20220224_EH_XRD_RM20230222CuPc_General_01.ras",NA,TRUE,65111
18,NA,"20230224_EH_XRR_RM20230222CuPc_Reflectivity_01.asc",NA,TRUE,6905
19,NA,"20230224_EH_XRR_RM20230222CuPc_Reflectivity_01.ras",NA,TRUE,51128
20,NA,"20230327_EH_XRD_EH20230213Si01_General_01.asc",NA,TRUE,11066
21,NA,"20230327_EH_XRD_EH20230213Si01_General_01.ras",NA,TRUE,65360
22,NA,"20230327_EH_XRD_EH20230213Si01_General_01.rasx",NA,TRUE,12001
23,NA,"20230327_EH_XRD_EH20230220Si01_General_01.asc",NA,TRUE,10764
24,NA,"20230327_EH_XRD_EH20230220Si01_General_01.ras",NA,TRUE,65072
25,NA,"20230327_EH_XRD_EH20230220Si01_General_01.rasx",NA,TRUE,11810
26,NA,"20230327_EH_XRR_EH20230213Si01_Reflectivity_01.asc",NA,TRUE,6807
27,NA,"20230327_EH_XRR_EH20230213Si01_Reflectivity_01.ras",NA,TRUE,51103
28,NA,"20230327_EH_XRR_EH20230213Si01_Reflectivity_01.rasx",NA,TRUE,9032
29,NA,"20230327_EH_XRR_EH20230220Si01_Reflectivity_01.asc",NA,TRUE,6895
30,NA,"20230327_EH_XRR_EH20230220Si01_Reflectivity_01.ras",NA,TRUE,51211
31,NA,"20230327_EH_XRR_EH20230220Si01_Reflectivity_01.rasx",NA,TRUE,9118
32,NA,"EH230213Si010000.tif",NA,TRUE,9440768
33,NA,"EH230213Si010001.ibw",NA,TRUE,1145471
34,NA,"EH230213Si010002.ibw",NA,TRUE,1145755
35,NA,"EH230213Si010003.ibw",NA,TRUE,4307149
36,NA,"EH230213Si010004.ibw",NA,TRUE,1145709
37,NA,"EH230213Si010005.ibw",NA,TRUE,4306762
38,NA,"YS2302123eD0003.ibw",NA,TRUE,1206024
39,NA,"YS230213eD0000.tif",NA,TRUE,9440768
40,NA,"YS230213eD0001.ibw",NA,TRUE,1246601
41,NA,"YS230213eD0002.ibw",NA,TRUE,1161289
42,NA,"YS230213eD0004.ibw",NA,TRUE,1144213
43,NA,"YS230213eD0005_DriveAmpBDError.PNG",NA,TRUE,2098790
44,NA,"YS230213eD0005_DriveAmpError.PNG",NA,TRUE,14337
45,NA,"YS230213eD0005.tif",NA,TRUE,9440768
46,NA,"YS230213eD0000.tif",NA,TRUE,9440768
47,NA,"YS230213eD0001.ibw",NA,TRUE,1144412
48,NA,"YS230213eD0002.ibw",NA,TRUE,1144507
49,NA,"YS230213eD0003.ibw",NA,TRUE,1144634
50,NA,"YS230213eD0004.ibw",NA,TRUE,4305109
51,NA,"YS230213eL0000.tif",NA,TRUE,9440768
52,NA,"YS230213eL0001.ibw",NA,TRUE,1144768
53,NA,"YS230213eL0002.ibw",NA,TRUE,1144276
54,NA,"YS230213eL0003.ibw",NA,TRUE,4304575
55,NA,"YS230213eL0004.ibw",NA,TRUE,1144696
56,NA,"YS230213eL0005.ibw",NA,TRUE,1144635
57,NA,"YS230213eL0006.ibw",NA,TRUE,1144980
58,NA,"YS230213eL0007.ibw",NA,TRUE,1145361
59,NA,"YS230213eL0008.ibw",NA,TRUE,1145284
60,NA,"YS230213eL0009.ibw",NA,TRUE,4306637
61,NA,"YS230213fL0000.tif",NA,TRUE,9440768
62,NA,"YS230213fL0001.ibw",NA,TRUE,1144920
63,NA,"YS230213fL0002.ibw",NA,TRUE,1145153
64,NA,"YS230213fL0003.ibw",NA,TRUE,4306161
65,NA,"YS230213fL0004.ibw",NA,TRUE,1145199
66,NA,"YS230213fL0005.ibw",NA,TRUE,1145171
67,NA,"YS230213fL0006.ibw",NA,TRUE,4305822
68,NA,"EH230615Si01CuPc0000.ibw",NA,TRUE,1185897
69,NA,"EH230615Si01CuPc0001.ibw",NA,TRUE,1144816
70,NA,"EH230825Si01_Cu0000.ibw",NA,TRUE,1145022
71,NA,"EH230825Si01_Cu0001.ibw",NA,TRUE,1145151
72,NA,"EH230825Si01_Cu0002.ibw",NA,TRUE,1145391
73,NA,"EH230825Si01_Cu0003.ibw",NA,TRUE,1145400
74,NA,"EH230825Si01_Cu0004.ibw",NA,TRUE,4306480
75,NA,"Image0000.tif",NA,TRUE,9440768
76,NA,"20230327_EH_AFM_EH20230220Si01_20230328_10.0x10.0+NCM Amplitude_Backward_019.tiff",NA,TRUE,133899
77,NA,"20230327_EH_AFM_EH20230220Si01_20230328_10.0x10.0+NCM Amplitude_Forward_018.tiff",NA,TRUE,133899
78,NA,"20230327_EH_AFM_EH20230220Si01_20230328_10.0x10.0+NCM Amplitude_Forward_019.tiff",NA,TRUE,133899
79,NA,"20230327_EH_AFM_EH20230220Si01_20230328_10.0x10.0+NCM Phase_Backward_018.tiff",NA,TRUE,133899
80,NA,"20230327_EH_AFM_EH20230220Si01_20230328_10.0x10.0+NCM Phase_Forward_018.tiff",NA,TRUE,133899
81,NA,"20230327_EH_AFM_EH20230220Si01_20230328_10.0x10.0+Topography_Forward_018.tiff",NA,TRUE,133899
82,NA,"20230327_EH_AFM_EH20230220Si01_20230328_10.0x10.0+Z Height_Forward_018.tiff",NA,TRUE,133899
83,NA,"20230327_EH_AFM_EH20230220Si01_20230328_5.0x5.0+Error Signal_Backward_012.tiff",NA,TRUE,330507
84,NA,"20230327_EH_AFM_EH20230220Si01_20230328_5.0x5.0+Error Signal_Backward_013.tiff",NA,TRUE,330507
85,NA,"20230327_EH_AFM_EH20230220Si01_20230328_5.0x5.0+Error Signal_Backward_014.tiff",NA,TRUE,330507
86,NA,"20230327_EH_AFM_EH20230220Si01_20230328_5.0x5.0+Error Signal_Backward_015.tiff",NA,TRUE,330507
87,NA,"20230327_EH_AFM_EH20230220Si01_20230328_5.0x5.0+Error Signal_Backward_016.tiff",NA,TRUE,330507
88,NA,"20230327_EH_AFM_EH20230220Si01_20230328_5.0x5.0+Error Signal_Backward_017.tiff",NA,TRUE,330507
89,NA,"20230327_EH_AFM_EH20230220Si01_20230328_5.0x5.0+Error Signal_Forward_012.tiff",NA,TRUE,330507
90,NA,"20230327_EH_AFM_EH20230220Si01_20230328_5.0x5.0+Error Signal_Forward_013.tiff",NA,TRUE,330507
91,NA,"20230327_EH_AFM_EH20230220Si01_20230328_5.0x5.0+Error Signal_Forward_014.tiff",NA,TRUE,330507
92,NA,"20230327_EH_AFM_EH20230220Si01_20230328_5.0x5.0+Error Signal_Forward_015.tiff",NA,TRUE,330507
93,NA,"20230327_EH_AFM_EH20230220Si01_20230328_5.0x5.0+Error Signal_Forward_016.tiff",NA,TRUE,330507
94,NA,"20230327_EH_AFM_EH20230220Si01_20230328_5.0x5.0+Error Signal_Forward_017.tiff",NA,TRUE,330507
95,NA,"20230327_EH_AFM_EH20230220Si01_20230328_5.0x5.0+NCM Amplitude_Backward_012.tiff",NA,TRUE,330507
96,NA,"20230327_EH_AFM_EH20230220Si01_20230328_5.0x5.0+NCM Amplitude_Backward_013.tiff",NA,TRUE,330507
97,NA,"20230327_EH_AFM_EH20230220Si01_20230328_5.0x5.0+NCM Amplitude_Backward_014.tiff",NA,TRUE,330507
98,NA,"20230327_EH_AFM_EH20230220Si01_20230328_5.0x5.0+NCM Amplitude_Backward_015.tiff",NA,TRUE,330507
99,NA,"20230327_EH_AFM_EH20230220Si01_20230328_5.0x5.0+NCM Amplitude_Backward_016.tiff",NA,TRUE,330507
100,NA,"20230327_EH_AFM_EH20230220Si01_20230328_5.0x5.0+NCM Amplitude_Backward_017.tiff",NA,TRUE,330507
101,NA,"20230327_EH_AFM_EH20230220Si01_20230328_5.0x5.0+NCM Amplitude_Forward_012.tiff",NA,TRUE,330507
102,NA,"20230327_EH_AFM_EH20230220Si01_20230328_5.0x5.0+NCM Amplitude_Forward_013.tiff",NA,TRUE,330507
103,NA,"20230327_EH_AFM_EH20230220Si01_20230328_5.0x5.0+NCM Amplitude_Forward_014.tiff",NA,TRUE,330507
104,NA,"20230327_EH_AFM_EH20230220Si01_20230328_5.0x5.0+NCM Amplitude_Forward_015.tiff",NA,TRUE,330507
105,NA,"20230327_EH_AFM_EH20230220Si01_20230328_5.0x5.0+NCM Amplitude_Forward_016.tiff",NA,TRUE,330507
106,NA,"20230327_EH_AFM_EH20230220Si01_20230328_5.0x5.0+NCM Amplitude_Forward_017.tiff",NA,TRUE,330507
107,NA,"20230327_EH_AFM_EH20230220Si01_20230328_5.0x5.0+NCM Phase_Backward_012.tiff",NA,TRUE,330507
108,NA,"20230327_EH_AFM_EH20230220Si01_20230328_5.0x5.0+NCM Phase_Backward_013.tiff",NA,TRUE,330507
109,NA,"20230327_EH_AFM_EH20230220Si01_20230328_5.0x5.0+NCM Phase_Backward_014.tiff",NA,TRUE,330507
110,NA,"20230327_EH_AFM_EH20230220Si01_20230328_5.0x5.0+NCM Phase_Backward_015.tiff",NA,TRUE,330507
111,NA,"20230327_EH_AFM_EH20230220Si01_20230328_5.0x5.0+NCM Phase_Backward_016.tiff",NA,TRUE,330507
112,NA,"20230327_EH_AFM_EH20230220Si01_20230328_5.0x5.0+NCM Phase_Backward_017.tiff",NA,TRUE,330507
113,NA,"20230327_EH_AFM_EH20230220Si01_20230328_5.0x5.0+NCM Phase_Forward_012.tiff",NA,TRUE,330507
114,NA,"20230327_EH_AFM_EH20230220Si01_20230328_5.0x5.0+NCM Phase_Forward_013.tiff",NA,TRUE,330507
115,NA,"20230327_EH_AFM_EH20230220Si01_20230328_5.0x5.0+NCM Phase_Forward_014.tiff",NA,TRUE,330507
116,NA,"20230327_EH_AFM_EH20230220Si01_20230328_5.0x5.0+NCM Phase_Forward_015.tiff",NA,TRUE,330507
117,NA,"20230327_EH_AFM_EH20230220Si01_20230328_5.0x5.0+NCM Phase_Forward_016.tiff",NA,TRUE,330507
118,NA,"20230327_EH_AFM_EH20230220Si01_20230328_5.0x5.0+NCM Phase_Forward_017.tiff",NA,TRUE,330507
119,NA,"20230327_EH_AFM_EH20230220Si01_20230328_5.0x5.0+Topography_Forward_012.tiff",NA,TRUE,330507
120,NA,"20230327_EH_AFM_EH20230220Si01_20230328_5.0x5.0+Topography_Forward_013.tiff",NA,TRUE,330507
121,NA,"20230327_EH_AFM_EH20230220Si01_20230328_5.0x5.0+Topography_Forward_014.tiff",NA,TRUE,330507
122,NA,"20230327_EH_AFM_EH20230220Si01_20230328_5.0x5.0+Topography_Forward_015.tiff",NA,TRUE,330507
123,NA,"20230327_EH_AFM_EH20230220Si01_20230328_5.0x5.0+Topography_Forward_016.tiff",NA,TRUE,330507
124,NA,"20230327_EH_AFM_EH20230220Si01_20230328_5.0x5.0+Topography_Forward_017.tiff",NA,TRUE,330507
125,NA,"20230327_EH_AFM_EH20230220Si01_20230328_5.0x5.0+Z Height_Backward_012.tiff",NA,TRUE,330507
126,NA,"20230327_EH_AFM_EH20230220Si01_20230328_5.0x5.0+Z Height_Forward_013.tiff",NA,TRUE,330507
127,NA,"20230327_EH_AFM_EH20230220Si01_20230328_5.0x5.0+Z Height_Backward_014.tiff",NA,TRUE,330507
128,NA,"20230327_EH_AFM_EH20230220Si01_20230328_5.0x5.0+Z Height_Forward_015.tiff",NA,TRUE,330507
129,NA,"20230327_EH_AFM_EH20230220Si01_20230328_5.0x5.0+Z Height_Backward_016.tiff",NA,TRUE,330507
130,NA,"20230327_EH_AFM_EH20230220Si01_20230328_5.0x5.0+Z Height_Forward_017.tiff",NA,TRUE,330507
131,NA,"20230327_EH_AFM_EH20230220Si01_20230328_5.0x5.0+Z Height_Forward_012.tiff",NA,TRUE,330507
132,NA,"20230327_EH_AFM_EH20230220Si01_20230328_5.0x5.0+Z Height_Forward_014.tiff",NA,TRUE,330507
133,NA,"20230327_EH_AFM_EH20230220Si01_20230328_5.0x5.0+Z Height_Forward_016.tiff",NA,TRUE,330507
134,NA,"20230327_EH_AFM_EH20230220Si01_20230329_20.0x20.0+Error Signal_Backward_003.tiff",NA,TRUE,330507
135,NA,"20230327_EH_AFM_EH20230220Si01_20230329_20.0x20.0+Error Signal_Backward_004.tiff",NA,TRUE,330507
136,NA,"20230327_EH_AFM_EH20230220Si01_20230329_20.0x20.0+Error Signal_Forward_003.tiff",NA,TRUE,330507
137,NA,"20230327_EH_AFM_EH20230220Si01_20230329_20.0x20.0+Error Signal_Forward_004.tiff",NA,TRUE,330507
138,NA,"20230327_EH_AFM_EH20230220Si01_20230329_20.0x20.0+NCM Amplitude_Backward_003.tiff",NA,TRUE,330507
139,NA,"20230327_EH_AFM_EH20230220Si01_20230329_20.0x20.0+NCM Amplitude_Backward_004.tiff",NA,TRUE,330507
140,NA,"20230327_EH_AFM_EH20230220Si01_20230329_20.0x20.0+NCM Amplitude_Forward_003.tiff",NA,TRUE,330507
141,NA,"20230327_EH_AFM_EH20230220Si01_20230329_20.0x20.0+NCM Amplitude_Forward_004.tiff",NA,TRUE,330507
142,NA,"20230327_EH_AFM_EH20230220Si01_20230329_20.0x20.0+NCM Phase_Backward_003.tiff",NA,TRUE,330507
143,NA,"20230327_EH_AFM_EH20230220Si01_20230329_20.0x20.0+NCM Phase_Backward_004.tiff",NA,TRUE,330507
144,NA,"20230327_EH_AFM_EH20230220Si01_20230329_20.0x20.0+NCM Phase_Forward_003.tiff",NA,TRUE,330507
145,NA,"20230327_EH_AFM_EH20230220Si01_20230329_20.0x20.0+NCM Phase_Forward_004.tiff",NA,TRUE,330507
146,NA,"20230327_EH_AFM_EH20230220Si01_20230329_20.0x20.0+Topography_Backward_003.tiff",NA,TRUE,330507
147,NA,"20230327_EH_AFM_EH20230220Si01_20230329_20.0x20.0+Topography_Backward_004.tiff",NA,TRUE,330507
148,NA,"20230327_EH_AFM_EH20230220Si01_20230329_20.0x20.0+Topography_Forward_003.tiff",NA,TRUE,330507
149,NA,"20230327_EH_AFM_EH20230220Si01_20230329_20.0x20.0+Topography_Forward_004.tiff",NA,TRUE,330507
150,NA,"20230327_EH_AFM_EH20230220Si01_20230329_20.0x20.0+Z Height_Forward_003.tiff",NA,TRUE,330507
151,NA,"20230327_EH_AFM_EH20230220Si01_20230329_20.0x20.0+Z Height_Forward_004.tiff",NA,TRUE,330507
152,NA,"20230327_EH_AFM_EH20230220Si01_20230329_5.0x5.0+Error Signal_Backward_001.tiff",NA,TRUE,330507
153,NA,"20230327_EH_AFM_EH20230220Si01_20230329_5.0x5.0+Error Signal_Backward_002.tiff",NA,TRUE,330507
154,NA,"20230327_EH_AFM_EH20230220Si01_20230329_5.0x5.0+Error Signal_Forward_001.tiff",NA,TRUE,330507
155,NA,"20230327_EH_AFM_EH20230220Si01_20230329_5.0x5.0+Error Signal_Forward_002.tiff",NA,TRUE,330507
156,NA,"20230327_EH_AFM_EH20230220Si01_20230329_5.0x5.0+NCM Amplitude_Backward_002.tiff",NA,TRUE,330507
157,NA,"20230327_EH_AFM_EH20230220Si01_20230329_5.0x5.0+NCM Amplitude_Forward_002.tiff",NA,TRUE,330507
158,NA,"20230327_EH_AFM_EH20230220Si01_20230329_5.0x5.0+NCM Phase_Backward_002.tiff",NA,TRUE,330507
159,NA,"20230327_EH_AFM_EH20230220Si01_20230329_5.0x5.0+NCM Phase_Forward_002.tiff",NA,TRUE,330507
160,NA,"20230327_EH_AFM_EH20230220Si01_20230329_5.0x5.0+Topography_Backward_001.tiff",NA,TRUE,330507
161,NA,"20230327_EH_AFM_EH20230220Si01_20230329_5.0x5.0+Topography_Backward_002.tiff",NA,TRUE,330507
162,NA,"20230327_EH_AFM_EH20230220Si01_20230329_5.0x5.0+Topography_Forward_002.tiff",NA,TRUE,330507
163,NA,"20230327_EH_AFM_EH20230220Si01_20230329_5.0x5.0+Z Height_Forward_001.tiff",NA,TRUE,330507
164,NA,"20230327_EH_AFM_EH20230220Si01_20230329_5.0x5.0+Z Height_Forward_002.tiff",NA,TRUE,330507
165,NA,"20230526_PdNpShon_EH_AFM_YS20230213A_Pos1_20230526_2.5x2.5+Error Signal_Backward_002.tiff",NA,TRUE,330507
166,NA,"20230526_PdNpShon_EH_AFM_YS20230213A_Pos1_20230526_2.5x2.5+Error Signal_Backward_003.tiff",NA,TRUE,330507
167,NA,"20230526_PdNpShon_EH_AFM_YS20230213A_Pos1_20230526_2.5x2.5+Error Signal_Forward_002.tiff",NA,TRUE,330507
168,NA,"20230526_PdNpShon_EH_AFM_YS20230213A_Pos1_20230526_2.5x2.5+Error Signal_Forward_003.tiff",NA,TRUE,330507
169,NA,"20230526_PdNpShon_EH_AFM_YS20230213A_Pos1_20230526_2.5x2.5+NCM Amplitude_Backward_002.tiff",NA,TRUE,330507
170,NA,"20230526_PdNpShon_EH_AFM_YS20230213A_Pos1_20230526_2.5x2.5+NCM Amplitude_Backward_003.tiff",NA,TRUE,330507
171,NA,"20230526_PdNpShon_EH_AFM_YS20230213A_Pos1_20230526_2.5x2.5+NCM Amplitude_Forward_002.tiff",NA,TRUE,330507
172,NA,"20230526_PdNpShon_EH_AFM_YS20230213A_Pos1_20230526_2.5x2.5+NCM Amplitude_Forward_003.tiff",NA,TRUE,330507
173,NA,"20230526_PdNpShon_EH_AFM_YS20230213A_Pos1_20230526_2.5x2.5+NCM Phase_Backward_002.tiff",NA,TRUE,330507
174,NA,"20230526_PdNpShon_EH_AFM_YS20230213A_Pos1_20230526_2.5x2.5+NCM Phase_Backward_003.tiff",NA,TRUE,330507
175,NA,"20230526_PdNpShon_EH_AFM_YS20230213A_Pos1_20230526_2.5x2.5+NCM Phase_Forward_002.tiff",NA,TRUE,330507
176,NA,"20230526_PdNpShon_EH_AFM_YS20230213A_Pos1_20230526_2.5x2.5+NCM Phase_Forward_003.tiff",NA,TRUE,330507
177,NA,"20230526_PdNpShon_EH_AFM_YS20230213A_Pos1_20230526_2.5x2.5+Topography_Forward_002.tiff",NA,TRUE,330507
178,NA,"20230526_PdNpShon_EH_AFM_YS20230213A_Pos1_20230526_2.5x2.5+Topography_Forward_003.tiff",NA,TRUE,330507
179,NA,"20230526_PdNpShon_EH_AFM_YS20230213A_Pos1_20230526_2.5x2.5+Z Height_Forward_002.tiff",NA,TRUE,330507
180,NA,"20230526_PdNpShon_EH_AFM_YS20230213A_Pos1_20230526_2.5x2.5+Z Height_Forward_003.tiff",NA,TRUE,330507
181,NA,"20230526_PdNpShon_EH_AFM_YS20230213A_Pos1_20230526_5.0x5.0+Error Signal_Backward_001.tiff",NA,TRUE,330507
182,NA,"20230526_PdNpShon_EH_AFM_YS20230213A_Pos1_20230526_5.0x5.0+Error Signal_Forward_001.tiff",NA,TRUE,330507
183,NA,"20230526_PdNpShon_EH_AFM_YS20230213A_Pos1_20230526_5.0x5.0+NCM Amplitude_Backward_001.tiff",NA,TRUE,330507
184,NA,"20230526_PdNpShon_EH_AFM_YS20230213A_Pos1_20230526_5.0x5.0+NCM Amplitude_Forward_001.tiff",NA,TRUE,330507
185,NA,"20230526_PdNpShon_EH_AFM_YS20230213A_Pos1_20230526_5.0x5.0+NCM Phase_Backward_001.tiff",NA,TRUE,330507
186,NA,"20230526_PdNpShon_EH_AFM_YS20230213A_Pos1_20230526_5.0x5.0+NCM Phase_Forward_001.tiff",NA,TRUE,330507
187,NA,"20230526_PdNpShon_EH_AFM_YS20230213A_Pos1_20230526_5.0x5.0+Topography_Backward_001.tiff",NA,TRUE,330507
188,NA,"20230526_PdNpShon_EH_AFM_YS20230213A_Pos1_20230526_5.0x5.0+Topography_Forward_001.tiff",NA,TRUE,330507
189,NA,"20230526_PdNpShon_EH_AFM_YS20230213A_Pos1_20230526_5.0x5.0+Z Height_Forward_001.tiff",NA,TRUE,330507
190,NA,"20230526_PdNpShon_EH_AFM_YS20230213A_Pos1_20230531_2.5x2.5+Error Signal_Backward_001.tiff",NA,TRUE,330507
191,NA,"20230526_PdNpShon_EH_AFM_YS20230213A_Pos1_20230531_2.5x2.5+Error Signal_Forward_001.tiff",NA,TRUE,330507
192,NA,"20230526_PdNpShon_EH_AFM_YS20230213A_Pos1_20230531_2.5x2.5+NCM Amplitude_Backward_001.tiff",NA,TRUE,330507
193,NA,"20230526_PdNpShon_EH_AFM_YS20230213A_Pos1_20230531_2.5x2.5+NCM Amplitude_Forward_001.tiff",NA,TRUE,330507
194,NA,"20230526_PdNpShon_EH_AFM_YS20230213A_Pos1_20230531_2.5x2.5+NCM Phase_Backward_001.tiff",NA,TRUE,330507
195,NA,"20230526_PdNpShon_EH_AFM_YS20230213A_Pos1_20230531_2.5x2.5+NCM Phase_Forward_001.tiff",NA,TRUE,330507
196,NA,"20230526_PdNpShon_EH_AFM_YS20230213A_Pos1_20230531_2.5x2.5+Topography_Backward_001.tiff",NA,TRUE,330507
197,NA,"20230526_PdNpShon_EH_AFM_YS20230213A_Pos1_20230531_2.5x2.5+Topography_Forward_001.tiff",NA,TRUE,330507
198,NA,"20230526_PdNpShon_EH_AFM_YS20230213A_Pos1_20230531_2.5x2.5+Z Height_Forward_001.tiff",NA,TRUE,330507
199,NA,"20230526_PdNpShon_EH_AFM_YS20230213A_Pos1.png",NA,TRUE,1738113
200,NA,"20230213_PdNPShon_EH_AFM_YS20230213B_Pos2.png",NA,TRUE,1677540
201,NA,"20230531_PdNpShon_EH_AFM_YS20230213A_Pos1_20230531_1.0x1.0+Error Signal_Backward_006.tiff",NA,TRUE,330507
202,NA,"20230531_PdNpShon_EH_AFM_YS20230213A_Pos1_20230531_1.0x1.0+Error Signal_Backward_007.tiff",NA,TRUE,1116939
203,NA,"20230531_PdNpShon_EH_AFM_YS20230213A_Pos1_20230531_1.0x1.0+Error Signal_Backward_008.tiff",NA,TRUE,330507
204,NA,"20230531_PdNpShon_EH_AFM_YS20230213A_Pos1_20230531_1.0x1.0+Error Signal_Backward_009.tiff",NA,TRUE,330507
205,NA,"20230531_PdNpShon_EH_AFM_YS20230213A_Pos1_20230531_1.0x1.0+Error Signal_Backward_013.tiff",NA,TRUE,330507
206,NA,"20230531_PdNpShon_EH_AFM_YS20230213A_Pos1_20230531_1.0x1.0+Error Signal_Forward_006.tiff",NA,TRUE,330507
207,NA,"20230531_PdNpShon_EH_AFM_YS20230213A_Pos1_20230531_1.0x1.0+Error Signal_Forward_007.tiff",NA,TRUE,1116939
208,NA,"20230531_PdNpShon_EH_AFM_YS20230213A_Pos1_20230531_1.0x1.0+Error Signal_Forward_008.tiff",NA,TRUE,330507
209,NA,"20230531_PdNpShon_EH_AFM_YS20230213A_Pos1_20230531_1.0x1.0+Error Signal_Forward_009.tiff",NA,TRUE,330507
210,NA,"20230531_PdNpShon_EH_AFM_YS20230213A_Pos1_20230531_1.0x1.0+Error Signal_Forward_013.tiff",NA,TRUE,330507
211,NA,"20230531_PdNpShon_EH_AFM_YS20230213A_Pos1_20230531_1.0x1.0+NCM Amplitude_Backward_006.tiff",NA,TRUE,330507
212,NA,"20230531_PdNpShon_EH_AFM_YS20230213A_Pos1_20230531_1.0x1.0+NCM Amplitude_Backward_007.tiff",NA,TRUE,1116939
213,NA,"20230531_PdNpShon_EH_AFM_YS20230213A_Pos1_20230531_1.0x1.0+NCM Amplitude_Backward_008.tiff",NA,TRUE,330507
214,NA,"20230531_PdNpShon_EH_AFM_YS20230213A_Pos1_20230531_1.0x1.0+NCM Amplitude_Backward_009.tiff",NA,TRUE,330507
215,NA,"20230531_PdNpShon_EH_AFM_YS20230213A_Pos1_20230531_1.0x1.0+NCM Amplitude_Backward_013.tiff",NA,TRUE,330507
216,NA,"20230531_PdNpShon_EH_AFM_YS20230213A_Pos1_20230531_1.0x1.0+NCM Amplitude_Forward_006.tiff",NA,TRUE,330507
217,NA,"20230531_PdNpShon_EH_AFM_YS20230213A_Pos1_20230531_1.0x1.0+NCM Amplitude_Forward_007.tiff",NA,TRUE,1116939
218,NA,"20230531_PdNpShon_EH_AFM_YS20230213A_Pos1_20230531_1.0x1.0+NCM Amplitude_Forward_008.tiff",NA,TRUE,330507
219,NA,"20230531_PdNpShon_EH_AFM_YS20230213A_Pos1_20230531_1.0x1.0+NCM Amplitude_Forward_009.tiff",NA,TRUE,330507
220,NA,"20230531_PdNpShon_EH_AFM_YS20230213A_Pos1_20230531_1.0x1.0+NCM Amplitude_Forward_013.tiff",NA,TRUE,330507
221,NA,"20230531_PdNpShon_EH_AFM_YS20230213A_Pos1_20230531_1.0x1.0+NCM Phase_Backward_006.tiff",NA,TRUE,330507
222,NA,"20230531_PdNpShon_EH_AFM_YS20230213A_Pos1_20230531_1.0x1.0+NCM Phase_Backward_007.tiff",NA,TRUE,1116939
223,NA,"20230531_PdNpShon_EH_AFM_YS20230213A_Pos1_20230531_1.0x1.0+NCM Phase_Backward_008.tiff",NA,TRUE,330507
224,NA,"20230531_PdNpShon_EH_AFM_YS20230213A_Pos1_20230531_1.0x1.0+NCM Phase_Backward_009.tiff",NA,TRUE,330507
225,NA,"20230531_PdNpShon_EH_AFM_YS20230213A_Pos1_20230531_1.0x1.0+NCM Phase_Backward_013.tiff",NA,TRUE,330507
226,NA,"20230531_PdNpShon_EH_AFM_YS20230213A_Pos1_20230531_1.0x1.0+NCM Phase_Forward_006.tiff",NA,TRUE,330507
227,NA,"20230531_PdNpShon_EH_AFM_YS20230213A_Pos1_20230531_1.0x1.0+NCM Phase_Forward_007.tiff",NA,TRUE,1116939
228,NA,"20230531_PdNpShon_EH_AFM_YS20230213A_Pos1_20230531_1.0x1.0+NCM Phase_Forward_008.tiff",NA,TRUE,330507
229,NA,"20230531_PdNpShon_EH_AFM_YS20230213A_Pos1_20230531_1.0x1.0+NCM Phase_Forward_009.tiff",NA,TRUE,330507
230,NA,"20230531_PdNpShon_EH_AFM_YS20230213A_Pos1_20230531_1.0x1.0+NCM Phase_Forward_013.tiff",NA,TRUE,330507
231,NA,"20230531_PdNpShon_EH_AFM_YS20230213A_Pos1_20230531_1.0x1.0+Topography_Backward_006.tiff",NA,TRUE,330507
232,NA,"20230531_PdNpShon_EH_AFM_YS20230213A_Pos1_20230531_1.0x1.0+Topography_Backward_007.tiff",NA,TRUE,1116939
233,NA,"20230531_PdNpShon_EH_AFM_YS20230213A_Pos1_20230531_1.0x1.0+Topography_Backward_008.tiff",NA,TRUE,330507
234,NA,"20230531_PdNpShon_EH_AFM_YS20230213A_Pos1_20230531_1.0x1.0+Topography_Backward_009.tiff",NA,TRUE,330507
235,NA,"20230531_PdNpShon_EH_AFM_YS20230213A_Pos1_20230531_1.0x1.0+Topography_Backward_013.tiff",NA,TRUE,330507
236,NA,"20230531_PdNpShon_EH_AFM_YS20230213A_Pos1_20230531_1.0x1.0+Topography_Forward_006.tiff",NA,TRUE,330507
237,NA,"20230531_PdNpShon_EH_AFM_YS20230213A_Pos1_20230531_1.0x1.0+Topography_Forward_007.tiff",NA,TRUE,1116939
238,NA,"20230531_PdNpShon_EH_AFM_YS20230213A_Pos1_20230531_1.0x1.0+Topography_Forward_008.tiff",NA,TRUE,330507
239,NA,"20230531_PdNpShon_EH_AFM_YS20230213A_Pos1_20230531_1.0x1.0+Topography_Forward_009.tiff",NA,TRUE,330507
240,NA,"20230531_PdNpShon_EH_AFM_YS20230213A_Pos1_20230531_1.0x1.0+Topography_Forward_013.tiff",NA,TRUE,330507
241,NA,"20230531_PdNpShon_EH_AFM_YS20230213A_Pos1_20230531_1.0x1.0+Z Height_Forward_006.tiff",NA,TRUE,330507
242,NA,"20230531_PdNpShon_EH_AFM_YS20230213A_Pos1_20230531_1.0x1.0+Z Height_Forward_007.tiff",NA,TRUE,1116939
243,NA,"20230531_PdNpShon_EH_AFM_YS20230213A_Pos1_20230531_1.0x1.0+Z Height_Forward_008.tiff",NA,TRUE,330507
244,NA,"20230531_PdNpShon_EH_AFM_YS20230213A_Pos1_20230531_1.0x1.0+Z Height_Backward_009.tiff",NA,TRUE,330507
245,NA,"20230531_PdNpShon_EH_AFM_YS20230213A_Pos1_20230531_1.0x1.0+Z Height_Forward_013.tiff",NA,TRUE,330507
246,NA,"20230531_PdNpShon_EH_AFM_YS20230213A_Pos1_20230531_1.0x1.0+Z Height_Forward_009.tiff",NA,TRUE,330507
247,NA,"20230531_PdNpShon_EH_AFM_YS20230213A_Pos1_20230531_2.0x2.0+Error Signal_Backward_004.tiff",NA,TRUE,133899
248,NA,"20230531_PdNpShon_EH_AFM_YS20230213A_Pos1_20230531_2.0x2.0+Error Signal_Backward_005.tiff",NA,TRUE,330507
249,NA,"20230531_PdNpShon_EH_AFM_YS20230213A_Pos1_20230531_2.0x2.0+Error Signal_Backward_010.tiff",NA,TRUE,330507
250,NA,"20230531_PdNpShon_EH_AFM_YS20230213A_Pos1_20230531_2.0x2.0+Error Signal_Backward_011.tiff",NA,TRUE,330507
251,NA,"20230531_PdNpShon_EH_AFM_YS20230213A_Pos1_20230531_2.0x2.0+Error Signal_Backward_012.tiff",NA,TRUE,330507
252,NA,"20230531_PdNpShon_EH_AFM_YS20230213A_Pos1_20230531_2.0x2.0+Error Signal_Forward_004.tiff",NA,TRUE,133899
253,NA,"20230531_PdNpShon_EH_AFM_YS20230213A_Pos1_20230531_2.0x2.0+Error Signal_Forward_005.tiff",NA,TRUE,330507
254,NA,"20230531_PdNpShon_EH_AFM_YS20230213A_Pos1_20230531_2.0x2.0+Error Signal_Forward_010.tiff",NA,TRUE,330507
255,NA,"20230531_PdNpShon_EH_AFM_YS20230213A_Pos1_20230531_2.0x2.0+Error Signal_Forward_011.tiff",NA,TRUE,330507
256,NA,"20230531_PdNpShon_EH_AFM_YS20230213A_Pos1_20230531_2.0x2.0+Error Signal_Forward_012.tiff",NA,TRUE,330507
257,NA,"20230531_PdNpShon_EH_AFM_YS20230213A_Pos1_20230531_2.0x2.0+NCM Amplitude_Backward_004.tiff",NA,TRUE,133899
258,NA,"20230531_PdNpShon_EH_AFM_YS20230213A_Pos1_20230531_2.0x2.0+NCM Amplitude_Backward_005.tiff",NA,TRUE,330507
259,NA,"20230531_PdNpShon_EH_AFM_YS20230213A_Pos1_20230531_2.0x2.0+NCM Amplitude_Backward_010.tiff",NA,TRUE,330507
260,NA,"20230531_PdNpShon_EH_AFM_YS20230213A_Pos1_20230531_2.0x2.0+NCM Amplitude_Backward_011.tiff",NA,TRUE,330507
261,NA,"20230531_PdNpShon_EH_AFM_YS20230213A_Pos1_20230531_2.0x2.0+NCM Amplitude_Backward_012.tiff",NA,TRUE,330507
262,NA,"20230531_PdNpShon_EH_AFM_YS20230213A_Pos1_20230531_2.0x2.0+NCM Amplitude_Forward_004.tiff",NA,TRUE,133899
263,NA,"20230531_PdNpShon_EH_AFM_YS20230213A_Pos1_20230531_2.0x2.0+NCM Amplitude_Forward_005.tiff",NA,TRUE,330507
264,NA,"20230531_PdNpShon_EH_AFM_YS20230213A_Pos1_20230531_2.0x2.0+NCM Amplitude_Forward_010.tiff",NA,TRUE,330507
265,NA,"20230531_PdNpShon_EH_AFM_YS20230213A_Pos1_20230531_2.0x2.0+NCM Amplitude_Forward_011.tiff",NA,TRUE,330507
266,NA,"20230531_PdNpShon_EH_AFM_YS20230213A_Pos1_20230531_2.0x2.0+NCM Amplitude_Forward_012.tiff",NA,TRUE,330507
267,NA,"20230531_PdNpShon_EH_AFM_YS20230213A_Pos1_20230531_2.0x2.0+NCM Phase_Backward_004.tiff",NA,TRUE,133899
268,NA,"20230531_PdNpShon_EH_AFM_YS20230213A_Pos1_20230531_2.0x2.0+NCM Phase_Backward_005.tiff",NA,TRUE,330507
269,NA,"20230531_PdNpShon_EH_AFM_YS20230213A_Pos1_20230531_2.0x2.0+NCM Phase_Backward_010.tiff",NA,TRUE,330507
270,NA,"20230531_PdNpShon_EH_AFM_YS20230213A_Pos1_20230531_2.0x2.0+NCM Phase_Backward_011.tiff",NA,TRUE,330507
271,NA,"20230531_PdNpShon_EH_AFM_YS20230213A_Pos1_20230531_2.0x2.0+NCM Phase_Backward_012.tiff",NA,TRUE,330507
272,NA,"20230531_PdNpShon_EH_AFM_YS20230213A_Pos1_20230531_2.0x2.0+NCM Phase_Forward_004.tiff",NA,TRUE,133899
273,NA,"20230531_PdNpShon_EH_AFM_YS20230213A_Pos1_20230531_2.0x2.0+NCM Phase_Forward_005.tiff",NA,TRUE,330507
274,NA,"20230531_PdNpShon_EH_AFM_YS20230213A_Pos1_20230531_2.0x2.0+NCM Phase_Forward_010.tiff",NA,TRUE,330507
275,NA,"20230531_PdNpShon_EH_AFM_YS20230213A_Pos1_20230531_2.0x2.0+NCM Phase_Forward_011.tiff",NA,TRUE,330507
276,NA,"20230531_PdNpShon_EH_AFM_YS20230213A_Pos1_20230531_2.0x2.0+NCM Phase_Forward_012.tiff",NA,TRUE,330507
277,NA,"20230531_PdNpShon_EH_AFM_YS20230213A_Pos1_20230531_2.0x2.0+Topography_Backward_004.tiff",NA,TRUE,133899
278,NA,"20230531_PdNpShon_EH_AFM_YS20230213A_Pos1_20230531_2.0x2.0+Topography_Backward_005.tiff",NA,TRUE,330507
279,NA,"20230531_PdNpShon_EH_AFM_YS20230213A_Pos1_20230531_2.0x2.0+Topography_Backward_010.tiff",NA,TRUE,330507
280,NA,"20230531_PdNpShon_EH_AFM_YS20230213A_Pos1_20230531_2.0x2.0+Topography_Backward_011.tiff",NA,TRUE,330507
281,NA,"20230531_PdNpShon_EH_AFM_YS20230213A_Pos1_20230531_2.0x2.0+Topography_Backward_012.tiff",NA,TRUE,330507
282,NA,"20230531_PdNpShon_EH_AFM_YS20230213A_Pos1_20230531_2.0x2.0+Topography_Forward_004.tiff",NA,TRUE,133899
283,NA,"20230531_PdNpShon_EH_AFM_YS20230213A_Pos1_20230531_2.0x2.0+Topography_Forward_005.tiff",NA,TRUE,330507
284,NA,"20230531_PdNpShon_EH_AFM_YS20230213A_Pos1_20230531_2.0x2.0+Topography_Forward_010.tiff",NA,TRUE,330507
285,NA,"20230531_PdNpShon_EH_AFM_YS20230213A_Pos1_20230531_2.0x2.0+Topography_Forward_011.tiff",NA,TRUE,330507
286,NA,"20230531_PdNpShon_EH_AFM_YS20230213A_Pos1_20230531_2.0x2.0+Topography_Forward_012.tiff",NA,TRUE,330507
287,NA,"20230531_PdNpShon_EH_AFM_YS20230213A_Pos1_20230531_2.0x2.0+Z Height_Forward_004.tiff",NA,TRUE,133899
288,NA,"20230531_PdNpShon_EH_AFM_YS20230213A_Pos1_20230531_2.0x2.0+Z Height_Forward_005.tiff",NA,TRUE,330507
289,NA,"20230531_PdNpShon_EH_AFM_YS20230213A_Pos1_20230531_2.0x2.0+Z Height_Backward_010.tiff",NA,TRUE,330507
290,NA,"20230531_PdNpShon_EH_AFM_YS20230213A_Pos1_20230531_2.0x2.0+Z Height_Forward_011.tiff",NA,TRUE,330507
291,NA,"20230531_PdNpShon_EH_AFM_YS20230213A_Pos1_20230531_2.0x2.0+Z Height_Forward_012.tiff",NA,TRUE,330507
292,NA,"20230531_PdNpShon_EH_AFM_YS20230213A_Pos1_20230531_2.0x2.0+Z Height_Forward_010.tiff",NA,TRUE,330507
293,NA,"20230531_PdNpShon_EH_AFM_YS20230213A_Pos1_20230531_2.5x2.5+Error Signal_Backward_002.tiff",NA,TRUE,133899
294,NA,"20230531_PdNpShon_EH_AFM_YS20230213A_Pos1_20230531_2.5x2.5+Error Signal_Backward_003.tiff",NA,TRUE,133899
295,NA,"20230531_PdNpShon_EH_AFM_YS20230213A_Pos1_20230531_2.5x2.5+Error Signal_Forward_002.tiff",NA,TRUE,133899
296,NA,"20230531_PdNpShon_EH_AFM_YS20230213A_Pos1_20230531_2.5x2.5+Error Signal_Forward_003.tiff",NA,TRUE,133899
297,NA,"20230531_PdNpShon_EH_AFM_YS20230213A_Pos1_20230531_2.5x2.5+NCM Amplitude_Backward_002.tiff",NA,TRUE,133899
298,NA,"20230531_PdNpShon_EH_AFM_YS20230213A_Pos1_20230531_2.5x2.5+NCM Amplitude_Backward_003.tiff",NA,TRUE,133899
299,NA,"20230531_PdNpShon_EH_AFM_YS20230213A_Pos1_20230531_2.5x2.5+NCM Amplitude_Forward_002.tiff",NA,TRUE,133899
300,NA,"20230531_PdNpShon_EH_AFM_YS20230213A_Pos1_20230531_2.5x2.5+NCM Amplitude_Forward_003.tiff",NA,TRUE,133899
301,NA,"20230531_PdNpShon_EH_AFM_YS20230213A_Pos1_20230531_2.5x2.5+NCM Phase_Backward_002.tiff",NA,TRUE,133899
302,NA,"20230531_PdNpShon_EH_AFM_YS20230213A_Pos1_20230531_2.5x2.5+NCM Phase_Backward_003.tiff",NA,TRUE,133899
303,NA,"20230531_PdNpShon_EH_AFM_YS20230213A_Pos1_20230531_2.5x2.5+NCM Phase_Forward_002.tiff",NA,TRUE,133899
304,NA,"20230531_PdNpShon_EH_AFM_YS20230213A_Pos1_20230531_2.5x2.5+NCM Phase_Forward_003.tiff",NA,TRUE,133899
305,NA,"20230531_PdNpShon_EH_AFM_YS20230213A_Pos1_20230531_2.5x2.5+Topography_Backward_002.tiff",NA,TRUE,133899
306,NA,"20230531_PdNpShon_EH_AFM_YS20230213A_Pos1_20230531_2.5x2.5+Topography_Backward_003.tiff",NA,TRUE,133899
307,NA,"20230531_PdNpShon_EH_AFM_YS20230213A_Pos1_20230531_2.5x2.5+Topography_Forward_002.tiff",NA,TRUE,133899
308,NA,"20230531_PdNpShon_EH_AFM_YS20230213A_Pos1_20230531_2.5x2.5+Topography_Forward_003.tiff",NA,TRUE,133899
309,NA,"20230531_PdNpShon_EH_AFM_YS20230213A_Pos1_20230531_2.5x2.5+Z Height_Forward_002.tiff",NA,TRUE,133899
310,NA,"20230531_PdNpShon_EH_AFM_YS20230213A_Pos1_20230531_2.5x2.5+Z Height_Forward_003.tiff",NA,TRUE,133899
311,NA,"20230531_PdNpShon_EH_AFM_YS20230213A_Pos1.png",NA,TRUE,1648234
312,NA,"20230531_PdNpShon_EH_AFM_YS20230213B_Pos1_20230531_2.0x2.0+Error Signal_Backward_008.tiff",NA,TRUE,133899
313,NA,"20230531_PdNpShon_EH_AFM_YS20230213B_Pos1_20230531_2.0x2.0+Error Signal_Backward_009.tiff",NA,TRUE,133899
314,NA,"20230531_PdNpShon_EH_AFM_YS20230213B_Pos1_20230531_2.0x2.0+Error Signal_Backward_010.tiff",NA,TRUE,133899
315,NA,"20230531_PdNpShon_EH_AFM_YS20230213B_Pos1_20230531_2.0x2.0+Error Signal_Forward_008.tiff",NA,TRUE,133899
316,NA,"20230531_PdNpShon_EH_AFM_YS20230213B_Pos1_20230531_2.0x2.0+Error Signal_Forward_009.tiff",NA,TRUE,133899
317,NA,"20230531_PdNpShon_EH_AFM_YS20230213B_Pos1_20230531_2.0x2.0+Error Signal_Forward_010.tiff",NA,TRUE,133899
318,NA,"20230531_PdNpShon_EH_AFM_YS20230213B_Pos1_20230531_2.0x2.0+NCM Amplitude_Backward_008.tiff",NA,TRUE,133899
319,NA,"20230531_PdNpShon_EH_AFM_YS20230213B_Pos1_20230531_2.0x2.0+NCM Amplitude_Backward_009.tiff",NA,TRUE,133899
320,NA,"20230531_PdNpShon_EH_AFM_YS20230213B_Pos1_20230531_2.0x2.0+NCM Amplitude_Backward_010.tiff",NA,TRUE,133899
321,NA,"20230531_PdNpShon_EH_AFM_YS20230213B_Pos1_20230531_2.0x2.0+NCM Amplitude_Forward_008.tiff",NA,TRUE,133899
322,NA,"20230531_PdNpShon_EH_AFM_YS20230213B_Pos1_20230531_2.0x2.0+NCM Amplitude_Forward_009.tiff",NA,TRUE,133899
323,NA,"20230531_PdNpShon_EH_AFM_YS20230213B_Pos1_20230531_2.0x2.0+NCM Amplitude_Forward_010.tiff",NA,TRUE,133899
324,NA,"20230531_PdNpShon_EH_AFM_YS20230213B_Pos1_20230531_2.0x2.0+NCM Phase_Backward_008.tiff",NA,TRUE,133899
325,NA,"20230531_PdNpShon_EH_AFM_YS20230213B_Pos1_20230531_2.0x2.0+NCM Phase_Backward_009.tiff",NA,TRUE,133899
326,NA,"20230531_PdNpShon_EH_AFM_YS20230213B_Pos1_20230531_2.0x2.0+NCM Phase_Backward_010.tiff",NA,TRUE,133899
327,NA,"20230531_PdNpShon_EH_AFM_YS20230213B_Pos1_20230531_2.0x2.0+NCM Phase_Forward_008.tiff",NA,TRUE,133899
328,NA,"20230531_PdNpShon_EH_AFM_YS20230213B_Pos1_20230531_2.0x2.0+NCM Phase_Forward_009.tiff",NA,TRUE,133899
329,NA,"20230531_PdNpShon_EH_AFM_YS20230213B_Pos1_20230531_2.0x2.0+NCM Phase_Forward_010.tiff",NA,TRUE,133899
330,NA,"20230531_PdNpShon_EH_AFM_YS20230213B_Pos1_20230531_2.0x2.0+Topography_Backward_008.tiff",NA,TRUE,133899
331,NA,"20230531_PdNpShon_EH_AFM_YS20230213B_Pos1_20230531_2.0x2.0+Topography_Backward_009.tiff",NA,TRUE,133899
332,NA,"20230531_PdNpShon_EH_AFM_YS20230213B_Pos1_20230531_2.0x2.0+Topography_Backward_010.tiff",NA,TRUE,133899
333,NA,"20230531_PdNpShon_EH_AFM_YS20230213B_Pos1_20230531_2.0x2.0+Topography_Forward_008.tiff",NA,TRUE,133899
334,NA,"20230531_PdNpShon_EH_AFM_YS20230213B_Pos1_20230531_2.0x2.0+Topography_Forward_009.tiff",NA,TRUE,133899
335,NA,"20230531_PdNpShon_EH_AFM_YS20230213B_Pos1_20230531_2.0x2.0+Topography_Forward_010.tiff",NA,TRUE,133899
336,NA,"20230531_PdNpShon_EH_AFM_YS20230213B_Pos1_20230531_2.0x2.0+Z Height_Forward_008.tiff",NA,TRUE,133899
337,NA,"20230531_PdNpShon_EH_AFM_YS20230213B_Pos1_20230531_2.0x2.0+Z Height_Forward_009.tiff",NA,TRUE,133899
338,NA,"20230531_PdNpShon_EH_AFM_YS20230213B_Pos1_20230531_2.0x2.0+Z Height_Forward_010.tiff",NA,TRUE,133899
339,NA,"20230531_PdNpShon_EH_AFM_YS20230213B_Pos1_20230531_5.0x5.0+Error Signal_Backward_002.tiff",NA,TRUE,133899
340,NA,"20230531_PdNpShon_EH_AFM_YS20230213B_Pos1_20230531_5.0x5.0+Error Signal_Backward_003.tiff",NA,TRUE,133899
341,NA,"20230531_PdNpShon_EH_AFM_YS20230213B_Pos1_20230531_5.0x5.0+Error Signal_Backward_004.tiff",NA,TRUE,133899
342,NA,"20230531_PdNpShon_EH_AFM_YS20230213B_Pos1_20230531_5.0x5.0+Error Signal_Backward_005.tiff",NA,TRUE,133899
343,NA,"20230531_PdNpShon_EH_AFM_YS20230213B_Pos1_20230531_5.0x5.0+Error Signal_Backward_006.tiff",NA,TRUE,133899
344,NA,"20230531_PdNpShon_EH_AFM_YS20230213B_Pos1_20230531_5.0x5.0+Error Signal_Backward_007.tiff",NA,TRUE,133899
345,NA,"20230531_PdNpShon_EH_AFM_YS20230213B_Pos1_20230531_5.0x5.0+Error Signal_Forward_002.tiff",NA,TRUE,133899
346,NA,"20230531_PdNpShon_EH_AFM_YS20230213B_Pos1_20230531_5.0x5.0+Error Signal_Forward_003.tiff",NA,TRUE,133899
347,NA,"20230531_PdNpShon_EH_AFM_YS20230213B_Pos1_20230531_5.0x5.0+Error Signal_Forward_004.tiff",NA,TRUE,133899
348,NA,"20230531_PdNpShon_EH_AFM_YS20230213B_Pos1_20230531_5.0x5.0+Error Signal_Forward_005.tiff",NA,TRUE,133899
349,NA,"20230531_PdNpShon_EH_AFM_YS20230213B_Pos1_20230531_5.0x5.0+Error Signal_Forward_006.tiff",NA,TRUE,133899
350,NA,"20230531_PdNpShon_EH_AFM_YS20230213B_Pos1_20230531_5.0x5.0+Error Signal_Forward_007.tiff",NA,TRUE,133899
351,NA,"20230531_PdNpShon_EH_AFM_YS20230213B_Pos1_20230531_5.0x5.0+NCM Amplitude_Backward_002.tiff",NA,TRUE,133899
352,NA,"20230531_PdNpShon_EH_AFM_YS20230213B_Pos1_20230531_5.0x5.0+NCM Amplitude_Backward_003.tiff",NA,TRUE,133899
353,NA,"20230531_PdNpShon_EH_AFM_YS20230213B_Pos1_20230531_5.0x5.0+NCM Amplitude_Backward_004.tiff",NA,TRUE,133899
354,NA,"20230531_PdNpShon_EH_AFM_YS20230213B_Pos1_20230531_5.0x5.0+NCM Amplitude_Backward_005.tiff",NA,TRUE,133899
355,NA,"20230531_PdNpShon_EH_AFM_YS20230213B_Pos1_20230531_5.0x5.0+NCM Amplitude_Backward_006.tiff",NA,TRUE,133899
356,NA,"20230531_PdNpShon_EH_AFM_YS20230213B_Pos1_20230531_5.0x5.0+NCM Amplitude_Backward_007.tiff",NA,TRUE,133899
357,NA,"20230531_PdNpShon_EH_AFM_YS20230213B_Pos1_20230531_5.0x5.0+NCM Amplitude_Forward_002.tiff",NA,TRUE,133899
358,NA,"20230531_PdNpShon_EH_AFM_YS20230213B_Pos1_20230531_5.0x5.0+NCM Amplitude_Forward_003.tiff",NA,TRUE,133899
359,NA,"20230531_PdNpShon_EH_AFM_YS20230213B_Pos1_20230531_5.0x5.0+NCM Amplitude_Forward_004.tiff",NA,TRUE,133899
360,NA,"20230531_PdNpShon_EH_AFM_YS20230213B_Pos1_20230531_5.0x5.0+NCM Amplitude_Forward_005.tiff",NA,TRUE,133899
361,NA,"20230531_PdNpShon_EH_AFM_YS20230213B_Pos1_20230531_5.0x5.0+NCM Amplitude_Forward_006.tiff",NA,TRUE,133899
362,NA,"20230531_PdNpShon_EH_AFM_YS20230213B_Pos1_20230531_5.0x5.0+NCM Amplitude_Forward_007.tiff",NA,TRUE,133899
363,NA,"20230531_PdNpShon_EH_AFM_YS20230213B_Pos1_20230531_5.0x5.0+NCM Phase_Backward_002.tiff",NA,TRUE,133899
364,NA,"20230531_PdNpShon_EH_AFM_YS20230213B_Pos1_20230531_5.0x5.0+NCM Phase_Backward_003.tiff",NA,TRUE,133899
365,NA,"20230531_PdNpShon_EH_AFM_YS20230213B_Pos1_20230531_5.0x5.0+NCM Phase_Backward_004.tiff",NA,TRUE,133899
366,NA,"20230531_PdNpShon_EH_AFM_YS20230213B_Pos1_20230531_5.0x5.0+NCM Phase_Backward_005.tiff",NA,TRUE,133899
367,NA,"20230531_PdNpShon_EH_AFM_YS20230213B_Pos1_20230531_5.0x5.0+NCM Phase_Backward_006.tiff",NA,TRUE,133899
368,NA,"20230531_PdNpShon_EH_AFM_YS20230213B_Pos1_20230531_5.0x5.0+NCM Phase_Backward_007.tiff",NA,TRUE,133899
369,NA,"20230531_PdNpShon_EH_AFM_YS20230213B_Pos1_20230531_5.0x5.0+NCM Phase_Forward_002.tiff",NA,TRUE,133899
370,NA,"20230531_PdNpShon_EH_AFM_YS20230213B_Pos1_20230531_5.0x5.0+NCM Phase_Forward_003.tiff",NA,TRUE,133899
371,NA,"20230531_PdNpShon_EH_AFM_YS20230213B_Pos1_20230531_5.0x5.0+NCM Phase_Forward_004.tiff",NA,TRUE,133899
372,NA,"20230531_PdNpShon_EH_AFM_YS20230213B_Pos1_20230531_5.0x5.0+NCM Phase_Forward_005.tiff",NA,TRUE,133899
373,NA,"20230531_PdNpShon_EH_AFM_YS20230213B_Pos1_20230531_5.0x5.0+NCM Phase_Forward_006.tiff",NA,TRUE,133899
374,NA,"20230531_PdNpShon_EH_AFM_YS20230213B_Pos1_20230531_5.0x5.0+NCM Phase_Forward_007.tiff",NA,TRUE,133899
375,NA,"20230531_PdNpShon_EH_AFM_YS20230213B_Pos1_20230531_5.0x5.0+Topography_Forward_002.tiff",NA,TRUE,133899
376,NA,"20230531_PdNpShon_EH_AFM_YS20230213B_Pos1_20230531_5.0x5.0+Topography_Forward_003.tiff",NA,TRUE,133899
377,NA,"20230531_PdNpShon_EH_AFM_YS20230213B_Pos1_20230531_5.0x5.0+Topography_Backward_004.tiff",NA,TRUE,133899
378,NA,"20230531_PdNpShon_EH_AFM_YS20230213B_Pos1_20230531_5.0x5.0+Topography_Backward_005.tiff",NA,TRUE,133899
379,NA,"20230531_PdNpShon_EH_AFM_YS20230213B_Pos1_20230531_5.0x5.0+Topography_Backward_006.tiff",NA,TRUE,133899
380,NA,"20230531_PdNpShon_EH_AFM_YS20230213B_Pos1_20230531_5.0x5.0+Topography_Backward_007.tiff",NA,TRUE,133899
381,NA,"20230531_PdNpShon_EH_AFM_YS20230213B_Pos1_20230531_5.0x5.0+Topography_Forward_004.tiff",NA,TRUE,133899
382,NA,"20230531_PdNpShon_EH_AFM_YS20230213B_Pos1_20230531_5.0x5.0+Topography_Forward_005.tiff",NA,TRUE,133899
383,NA,"20230531_PdNpShon_EH_AFM_YS20230213B_Pos1_20230531_5.0x5.0+Topography_Forward_006.tiff",NA,TRUE,133899
384,NA,"20230531_PdNpShon_EH_AFM_YS20230213B_Pos1_20230531_5.0x5.0+Topography_Forward_007.tiff",NA,TRUE,133899
385,NA,"20230531_PdNpShon_EH_AFM_YS20230213B_Pos1_20230531_5.0x5.0+Z Height_Forward_002.tiff",NA,TRUE,133899
386,NA,"20230531_PdNpShon_EH_AFM_YS20230213B_Pos1_20230531_5.0x5.0+Z Height_Forward_003.tiff",NA,TRUE,133899
387,NA,"20230531_PdNpShon_EH_AFM_YS20230213B_Pos1_20230531_5.0x5.0+Z Height_Forward_004.tiff",NA,TRUE,133899
388,NA,"20230531_PdNpShon_EH_AFM_YS20230213B_Pos1_20230531_5.0x5.0+Z Height_Forward_005.tiff",NA,TRUE,133899
389,NA,"20230531_PdNpShon_EH_AFM_YS20230213B_Pos1_20230531_5.0x5.0+Z Height_Forward_006.tiff",NA,TRUE,133899
390,NA,"20230531_PdNpShon_EH_AFM_YS20230213B_Pos1_20230531_5.0x5.0+Z Height_Forward_007.tiff",NA,TRUE,133899
391,NA,"20230531_PdNPShon_EH_AFM_YS20230213B_Pos1.png",NA,TRUE,1681841
392,NA,"20230531_PdNpShon_EH_AFM_YS20230213B_Pos2_20230531_1.0x1.0+Error Signal_Backward_008.tiff",NA,TRUE,330507
393,NA,"20230531_PdNpShon_EH_AFM_YS20230213B_Pos2_20230531_1.0x1.0+Error Signal_Forward_008.tiff",NA,TRUE,330507
394,NA,"20230531_PdNpShon_EH_AFM_YS20230213B_Pos2_20230531_1.0x1.0+NCM Amplitude_Backward_008.tiff",NA,TRUE,330507
395,NA,"20230531_PdNpShon_EH_AFM_YS20230213B_Pos2_20230531_1.0x1.0+NCM Amplitude_Forward_008.tiff",NA,TRUE,330507
396,NA,"20230531_PdNpShon_EH_AFM_YS20230213B_Pos2_20230531_1.0x1.0+NCM Phase_Backward_008.tiff",NA,TRUE,330507
397,NA,"20230531_PdNpShon_EH_AFM_YS20230213B_Pos2_20230531_1.0x1.0+NCM Phase_Forward_008.tiff",NA,TRUE,330507
398,NA,"20230531_PdNpShon_EH_AFM_YS20230213B_Pos2_20230531_1.0x1.0+Topography_Backward_008.tiff",NA,TRUE,330507
399,NA,"20230531_PdNpShon_EH_AFM_YS20230213B_Pos2_20230531_1.0x1.0+Topography_Forward_008.tiff",NA,TRUE,330507
400,NA,"20230531_PdNpShon_EH_AFM_YS20230213B_Pos2_20230531_1.0x1.0+Z Height_Forward_008.tiff",NA,TRUE,330507
401,NA,"20230531_PdNpShon_EH_AFM_YS20230213B_Pos2_20230531_2.0x2.0+Error Signal_Backward_003.tiff",NA,TRUE,133899
402,NA,"20230531_PdNpShon_EH_AFM_YS20230213B_Pos2_20230531_2.0x2.0+Error Signal_Backward_004.tiff",NA,TRUE,133899
403,NA,"20230531_PdNpShon_EH_AFM_YS20230213B_Pos2_20230531_2.0x2.0+Error Signal_Backward_005.tiff",NA,TRUE,133899
404,NA,"20230531_PdNpShon_EH_AFM_YS20230213B_Pos2_20230531_2.0x2.0+Error Signal_Backward_006.tiff",NA,TRUE,133899
405,NA,"20230531_PdNpShon_EH_AFM_YS20230213B_Pos2_20230531_2.0x2.0+Error Signal_Backward_007.tiff",NA,TRUE,133899
406,NA,"20230531_PdNpShon_EH_AFM_YS20230213B_Pos2_20230531_2.0x2.0+Error Signal_Forward_003.tiff",NA,TRUE,133899
407,NA,"20230531_PdNpShon_EH_AFM_YS20230213B_Pos2_20230531_2.0x2.0+Error Signal_Forward_004.tiff",NA,TRUE,133899
408,NA,"20230531_PdNpShon_EH_AFM_YS20230213B_Pos2_20230531_2.0x2.0+Error Signal_Forward_005.tiff",NA,TRUE,133899
409,NA,"20230531_PdNpShon_EH_AFM_YS20230213B_Pos2_20230531_2.0x2.0+Error Signal_Forward_006.tiff",NA,TRUE,133899
410,NA,"20230531_PdNpShon_EH_AFM_YS20230213B_Pos2_20230531_2.0x2.0+Error Signal_Forward_007.tiff",NA,TRUE,133899
411,NA,"20230531_PdNpShon_EH_AFM_YS20230213B_Pos2_20230531_2.0x2.0+NCM Amplitude_Backward_003.tiff",NA,TRUE,133899
412,NA,"20230531_PdNpShon_EH_AFM_YS20230213B_Pos2_20230531_2.0x2.0+NCM Amplitude_Backward_004.tiff",NA,TRUE,133899
413,NA,"20230531_PdNpShon_EH_AFM_YS20230213B_Pos2_20230531_2.0x2.0+NCM Amplitude_Backward_005.tiff",NA,TRUE,133899
414,NA,"20230531_PdNpShon_EH_AFM_YS20230213B_Pos2_20230531_2.0x2.0+NCM Amplitude_Backward_006.tiff",NA,TRUE,133899
415,NA,"20230531_PdNpShon_EH_AFM_YS20230213B_Pos2_20230531_2.0x2.0+NCM Amplitude_Backward_007.tiff",NA,TRUE,133899
416,NA,"20230531_PdNpShon_EH_AFM_YS20230213B_Pos2_20230531_2.0x2.0+NCM Amplitude_Forward_003.tiff",NA,TRUE,133899
417,NA,"20230531_PdNpShon_EH_AFM_YS20230213B_Pos2_20230531_2.0x2.0+NCM Amplitude_Forward_004.tiff",NA,TRUE,133899
418,NA,"20230531_PdNpShon_EH_AFM_YS20230213B_Pos2_20230531_2.0x2.0+NCM Amplitude_Forward_005.tiff",NA,TRUE,133899
419,NA,"20230531_PdNpShon_EH_AFM_YS20230213B_Pos2_20230531_2.0x2.0+NCM Amplitude_Forward_006.tiff",NA,TRUE,133899
420,NA,"20230531_PdNpShon_EH_AFM_YS20230213B_Pos2_20230531_2.0x2.0+NCM Amplitude_Forward_007.tiff",NA,TRUE,133899
421,NA,"20230531_PdNpShon_EH_AFM_YS20230213B_Pos2_20230531_2.0x2.0+NCM Phase_Backward_003.tiff",NA,TRUE,133899
422,NA,"20230531_PdNpShon_EH_AFM_YS20230213B_Pos2_20230531_2.0x2.0+NCM Phase_Backward_004.tiff",NA,TRUE,133899
423,NA,"20230531_PdNpShon_EH_AFM_YS20230213B_Pos2_20230531_2.0x2.0+NCM Phase_Backward_005.tiff",NA,TRUE,133899
424,NA,"20230531_PdNpShon_EH_AFM_YS20230213B_Pos2_20230531_2.0x2.0+NCM Phase_Backward_006.tiff",NA,TRUE,133899
425,NA,"20230531_PdNpShon_EH_AFM_YS20230213B_Pos2_20230531_2.0x2.0+NCM Phase_Backward_007.tiff",NA,TRUE,133899
426,NA,"20230531_PdNpShon_EH_AFM_YS20230213B_Pos2_20230531_2.0x2.0+NCM Phase_Forward_003.tiff",NA,TRUE,133899
427,NA,"20230531_PdNpShon_EH_AFM_YS20230213B_Pos2_20230531_2.0x2.0+NCM Phase_Forward_004.tiff",NA,TRUE,133899
428,NA,"20230531_PdNpShon_EH_AFM_YS20230213B_Pos2_20230531_2.0x2.0+NCM Phase_Forward_005.tiff",NA,TRUE,133899
429,NA,"20230531_PdNpShon_EH_AFM_YS20230213B_Pos2_20230531_2.0x2.0+NCM Phase_Forward_006.tiff",NA,TRUE,133899
430,NA,"20230531_PdNpShon_EH_AFM_YS20230213B_Pos2_20230531_2.0x2.0+NCM Phase_Forward_007.tiff",NA,TRUE,133899
431,NA,"20230531_PdNpShon_EH_AFM_YS20230213B_Pos2_20230531_2.0x2.0+Topography_Backward_003.tiff",NA,TRUE,133899
432,NA,"20230531_PdNpShon_EH_AFM_YS20230213B_Pos2_20230531_2.0x2.0+Topography_Backward_004.tiff",NA,TRUE,133899
433,NA,"20230531_PdNpShon_EH_AFM_YS20230213B_Pos2_20230531_2.0x2.0+Topography_Backward_005.tiff",NA,TRUE,133899
434,NA,"20230531_PdNpShon_EH_AFM_YS20230213B_Pos2_20230531_2.0x2.0+Topography_Backward_006.tiff",NA,TRUE,133899
435,NA,"20230531_PdNpShon_EH_AFM_YS20230213B_Pos2_20230531_2.0x2.0+Topography_Backward_007.tiff",NA,TRUE,133899
436,NA,"20230531_PdNpShon_EH_AFM_YS20230213B_Pos2_20230531_2.0x2.0+Topography_Forward_003.tiff",NA,TRUE,133899
437,NA,"20230531_PdNpShon_EH_AFM_YS20230213B_Pos2_20230531_2.0x2.0+Topography_Forward_004.tiff",NA,TRUE,133899
438,NA,"20230531_PdNpShon_EH_AFM_YS20230213B_Pos2_20230531_2.0x2.0+Topography_Forward_005.tiff",NA,TRUE,133899
439,NA,"20230531_PdNpShon_EH_AFM_YS20230213B_Pos2_20230531_2.0x2.0+Topography_Forward_006.tiff",NA,TRUE,133899
440,NA,"20230531_PdNpShon_EH_AFM_YS20230213B_Pos2_20230531_2.0x2.0+Topography_Forward_007.tiff",NA,TRUE,133899
441,NA,"20230531_PdNpShon_EH_AFM_YS20230213B_Pos2_20230531_2.0x2.0+Z Height_Forward_003.tiff",NA,TRUE,133899
442,NA,"20230531_PdNpShon_EH_AFM_YS20230213B_Pos2_20230531_2.0x2.0+Z Height_Forward_004.tiff",NA,TRUE,133899
443,NA,"20230531_PdNpShon_EH_AFM_YS20230213B_Pos2_20230531_2.0x2.0+Z Height_Forward_005.tiff",NA,TRUE,133899
444,NA,"20230531_PdNpShon_EH_AFM_YS20230213B_Pos2_20230531_2.0x2.0+Z Height_Forward_006.tiff",NA,TRUE,133899
445,NA,"20230531_PdNpShon_EH_AFM_YS20230213B_Pos2_20230531_2.0x2.0+Z Height_Forward_007.tiff",NA,TRUE,133899
446,NA,"20230531_PdNpShon_EH_AFM_YS20230213B_Pos2_20230531_5.0x5.0+Error Signal_Backward_001.tiff",NA,TRUE,133899
447,NA,"20230531_PdNpShon_EH_AFM_YS20230213B_Pos2_20230531_5.0x5.0+Error Signal_Backward_002.tiff",NA,TRUE,133899
448,NA,"20230531_PdNpShon_EH_AFM_YS20230213B_Pos2_20230531_5.0x5.0+Error Signal_Forward_001.tiff",NA,TRUE,133899
449,NA,"20230531_PdNpShon_EH_AFM_YS20230213B_Pos2_20230531_5.0x5.0+Error Signal_Forward_002.tiff",NA,TRUE,133899
450,NA,"20230531_PdNpShon_EH_AFM_YS20230213B_Pos2_20230531_5.0x5.0+NCM Amplitude_Backward_001.tiff",NA,TRUE,133899
451,NA,"20230531_PdNpShon_EH_AFM_YS20230213B_Pos2_20230531_5.0x5.0+NCM Amplitude_Backward_002.tiff",NA,TRUE,133899
452,NA,"20230531_PdNpShon_EH_AFM_YS20230213B_Pos2_20230531_5.0x5.0+NCM Amplitude_Forward_001.tiff",NA,TRUE,133899
453,NA,"20230531_PdNpShon_EH_AFM_YS20230213B_Pos2_20230531_5.0x5.0+NCM Amplitude_Forward_002.tiff",NA,TRUE,133899
454,NA,"20230531_PdNpShon_EH_AFM_YS20230213B_Pos2_20230531_5.0x5.0+NCM Phase_Backward_001.tiff",NA,TRUE,133899
455,NA,"20230531_PdNpShon_EH_AFM_YS20230213B_Pos2_20230531_5.0x5.0+NCM Phase_Backward_002.tiff",NA,TRUE,133899
456,NA,"20230531_PdNpShon_EH_AFM_YS20230213B_Pos2_20230531_5.0x5.0+NCM Phase_Forward_001.tiff",NA,TRUE,133899
457,NA,"20230531_PdNpShon_EH_AFM_YS20230213B_Pos2_20230531_5.0x5.0+NCM Phase_Forward_002.tiff",NA,TRUE,133899
458,NA,"20230531_PdNpShon_EH_AFM_YS20230213B_Pos2_20230531_5.0x5.0+Topography_Forward_001.tiff",NA,TRUE,133899
459,NA,"20230531_PdNpShon_EH_AFM_YS20230213B_Pos2_20230531_5.0x5.0+Topography_Backward_002.tiff",NA,TRUE,133899
460,NA,"20230531_PdNpShon_EH_AFM_YS20230213B_Pos2_20230531_5.0x5.0+Topography_Forward_002.tiff",NA,TRUE,133899
461,NA,"20230531_PdNpShon_EH_AFM_YS20230213B_Pos2_20230531_5.0x5.0+Z Height_Forward_001.tiff",NA,TRUE,133899
462,NA,"20230531_PdNpShon_EH_AFM_YS20230213B_Pos2_20230531_5.0x5.0+Z Height_Forward_002.tiff",NA,TRUE,133899
463,NA,"20230609_PdNpShon_EH_AFM_YS20230213B_Pos1_20230609_1.0x1.0+Error Signal_Backward_005.tiff",NA,TRUE,330507
464,NA,"20230609_PdNpShon_EH_AFM_YS20230213B_Pos1_20230609_1.0x1.0+Error Signal_Backward_006.tiff",NA,TRUE,330507
465,NA,"20230609_PdNpShon_EH_AFM_YS20230213B_Pos1_20230609_1.0x1.0+Error Signal_Backward_007.tiff",NA,TRUE,330507
466,NA,"20230609_PdNpShon_EH_AFM_YS20230213B_Pos1_20230609_1.0x1.0+Error Signal_Backward_008.tiff",NA,TRUE,330507
467,NA,"20230609_PdNpShon_EH_AFM_YS20230213B_Pos1_20230609_1.0x1.0+Error Signal_Backward_009.tiff",NA,TRUE,330507
468,NA,"20230609_PdNpShon_EH_AFM_YS20230213B_Pos1_20230609_1.0x1.0+Error Signal_Backward_010.tiff",NA,TRUE,330507
469,NA,"20230609_PdNpShon_EH_AFM_YS20230213B_Pos1_20230609_1.0x1.0+Error Signal_Backward_011.tiff",NA,TRUE,330507
470,NA,"20230609_PdNpShon_EH_AFM_YS20230213B_Pos1_20230609_1.0x1.0+Error Signal_Backward_012.tiff",NA,TRUE,330507
471,NA,"20230609_PdNpShon_EH_AFM_YS20230213B_Pos1_20230609_1.0x1.0+Error Signal_Backward_013.tiff",NA,TRUE,330507
472,NA,"20230609_PdNpShon_EH_AFM_YS20230213B_Pos1_20230609_1.0x1.0+Error Signal_Backward_014.tiff",NA,TRUE,330507
473,NA,"20230609_PdNpShon_EH_AFM_YS20230213B_Pos1_20230609_1.0x1.0+Error Signal_Forward_005.tiff",NA,TRUE,330507
474,NA,"20230609_PdNpShon_EH_AFM_YS20230213B_Pos1_20230609_1.0x1.0+Error Signal_Forward_006.tiff",NA,TRUE,330507
475,NA,"20230609_PdNpShon_EH_AFM_YS20230213B_Pos1_20230609_1.0x1.0+Error Signal_Forward_007.tiff",NA,TRUE,330507
476,NA,"20230609_PdNpShon_EH_AFM_YS20230213B_Pos1_20230609_1.0x1.0+Error Signal_Forward_008.tiff",NA,TRUE,330507
477,NA,"20230609_PdNpShon_EH_AFM_YS20230213B_Pos1_20230609_1.0x1.0+Error Signal_Forward_009.tiff",NA,TRUE,330507
478,NA,"20230609_PdNpShon_EH_AFM_YS20230213B_Pos1_20230609_1.0x1.0+Error Signal_Forward_010.tiff",NA,TRUE,330507
479,NA,"20230609_PdNpShon_EH_AFM_YS20230213B_Pos1_20230609_1.0x1.0+Error Signal_Forward_011.tiff",NA,TRUE,330507
480,NA,"20230609_PdNpShon_EH_AFM_YS20230213B_Pos1_20230609_1.0x1.0+Error Signal_Forward_012.tiff",NA,TRUE,330507
481,NA,"20230609_PdNpShon_EH_AFM_YS20230213B_Pos1_20230609_1.0x1.0+Error Signal_Forward_013.tiff",NA,TRUE,330507
482,NA,"20230609_PdNpShon_EH_AFM_YS20230213B_Pos1_20230609_1.0x1.0+Error Signal_Forward_014.tiff",NA,TRUE,330507
483,NA,"20230609_PdNpShon_EH_AFM_YS20230213B_Pos1_20230609_1.0x1.0+NCM Amplitude_Backward_005.tiff",NA,TRUE,330507
484,NA,"20230609_PdNpShon_EH_AFM_YS20230213B_Pos1_20230609_1.0x1.0+NCM Amplitude_Backward_006.tiff",NA,TRUE,330507
485,NA,"20230609_PdNpShon_EH_AFM_YS20230213B_Pos1_20230609_1.0x1.0+NCM Amplitude_Backward_007.tiff",NA,TRUE,330507
486,NA,"20230609_PdNpShon_EH_AFM_YS20230213B_Pos1_20230609_1.0x1.0+NCM Amplitude_Backward_008.tiff",NA,TRUE,330507
487,NA,"20230609_PdNpShon_EH_AFM_YS20230213B_Pos1_20230609_1.0x1.0+NCM Amplitude_Backward_009.tiff",NA,TRUE,330507
488,NA,"20230609_PdNpShon_EH_AFM_YS20230213B_Pos1_20230609_1.0x1.0+NCM Amplitude_Backward_010.tiff",NA,TRUE,330507
489,NA,"20230609_PdNpShon_EH_AFM_YS20230213B_Pos1_20230609_1.0x1.0+NCM Amplitude_Backward_011.tiff",NA,TRUE,330507
490,NA,"20230609_PdNpShon_EH_AFM_YS20230213B_Pos1_20230609_1.0x1.0+NCM Amplitude_Backward_012.tiff",NA,TRUE,330507
491,NA,"20230609_PdNpShon_EH_AFM_YS20230213B_Pos1_20230609_1.0x1.0+NCM Amplitude_Backward_013.tiff",NA,TRUE,330507
492,NA,"20230609_PdNpShon_EH_AFM_YS20230213B_Pos1_20230609_1.0x1.0+NCM Amplitude_Backward_014.tiff",NA,TRUE,330507
493,NA,"20230609_PdNpShon_EH_AFM_YS20230213B_Pos1_20230609_1.0x1.0+NCM Amplitude_Forward_005.tiff",NA,TRUE,330507
494,NA,"20230609_PdNpShon_EH_AFM_YS20230213B_Pos1_20230609_1.0x1.0+NCM Amplitude_Forward_006.tiff",NA,TRUE,330507
495,NA,"20230609_PdNpShon_EH_AFM_YS20230213B_Pos1_20230609_1.0x1.0+NCM Amplitude_Forward_007.tiff",NA,TRUE,330507
496,NA,"20230609_PdNpShon_EH_AFM_YS20230213B_Pos1_20230609_1.0x1.0+NCM Amplitude_Forward_008.tiff",NA,TRUE,330507
497,NA,"20230609_PdNpShon_EH_AFM_YS20230213B_Pos1_20230609_1.0x1.0+NCM Amplitude_Forward_009.tiff",NA,TRUE,330507
498,NA,"20230609_PdNpShon_EH_AFM_YS20230213B_Pos1_20230609_1.0x1.0+NCM Amplitude_Forward_010.tiff",NA,TRUE,330507
499,NA,"20230609_PdNpShon_EH_AFM_YS20230213B_Pos1_20230609_1.0x1.0+NCM Amplitude_Forward_011.tiff",NA,TRUE,330507
500,NA,"20230609_PdNpShon_EH_AFM_YS20230213B_Pos1_20230609_1.0x1.0+NCM Amplitude_Forward_012.tiff",NA,TRUE,330507
501,NA,"20230609_PdNpShon_EH_AFM_YS20230213B_Pos1_20230609_1.0x1.0+NCM Amplitude_Forward_013.tiff",NA,TRUE,330507
502,NA,"20230609_PdNpShon_EH_AFM_YS20230213B_Pos1_20230609_1.0x1.0+NCM Amplitude_Forward_014.tiff",NA,TRUE,330507
503,NA,"20230609_PdNpShon_EH_AFM_YS20230213B_Pos1_20230609_1.0x1.0+NCM Phase_Backward_005.tiff",NA,TRUE,330507
504,NA,"20230609_PdNpShon_EH_AFM_YS20230213B_Pos1_20230609_1.0x1.0+NCM Phase_Backward_006.tiff",NA,TRUE,330507
505,NA,"20230609_PdNpShon_EH_AFM_YS20230213B_Pos1_20230609_1.0x1.0+NCM Phase_Backward_007.tiff",NA,TRUE,330507
506,NA,"20230609_PdNpShon_EH_AFM_YS20230213B_Pos1_20230609_1.0x1.0+NCM Phase_Backward_008.tiff",NA,TRUE,330507
507,NA,"20230609_PdNpShon_EH_AFM_YS20230213B_Pos1_20230609_1.0x1.0+NCM Phase_Backward_009.tiff",NA,TRUE,330507
508,NA,"20230609_PdNpShon_EH_AFM_YS20230213B_Pos1_20230609_1.0x1.0+NCM Phase_Backward_010.tiff",NA,TRUE,330507
509,NA,"20230609_PdNpShon_EH_AFM_YS20230213B_Pos1_20230609_1.0x1.0+NCM Phase_Backward_011.tiff",NA,TRUE,330507
510,NA,"20230609_PdNpShon_EH_AFM_YS20230213B_Pos1_20230609_1.0x1.0+NCM Phase_Backward_012.tiff",NA,TRUE,330507
511,NA,"20230609_PdNpShon_EH_AFM_YS20230213B_Pos1_20230609_1.0x1.0+NCM Phase_Backward_013.tiff",NA,TRUE,330507
512,NA,"20230609_PdNpShon_EH_AFM_YS20230213B_Pos1_20230609_1.0x1.0+NCM Phase_Backward_014.tiff",NA,TRUE,330507
513,NA,"20230609_PdNpShon_EH_AFM_YS20230213B_Pos1_20230609_1.0x1.0+NCM Phase_Forward_005.tiff",NA,TRUE,330507
514,NA,"20230609_PdNpShon_EH_AFM_YS20230213B_Pos1_20230609_1.0x1.0+NCM Phase_Forward_006.tiff",NA,TRUE,330507
515,NA,"20230609_PdNpShon_EH_AFM_YS20230213B_Pos1_20230609_1.0x1.0+NCM Phase_Forward_007.tiff",NA,TRUE,330507
516,NA,"20230609_PdNpShon_EH_AFM_YS20230213B_Pos1_20230609_1.0x1.0+NCM Phase_Forward_008.tiff",NA,TRUE,330507
517,NA,"20230609_PdNpShon_EH_AFM_YS20230213B_Pos1_20230609_1.0x1.0+NCM Phase_Forward_009.tiff",NA,TRUE,330507
518,NA,"20230609_PdNpShon_EH_AFM_YS20230213B_Pos1_20230609_1.0x1.0+NCM Phase_Forward_010.tiff",NA,TRUE,330507
519,NA,"20230609_PdNpShon_EH_AFM_YS20230213B_Pos1_20230609_1.0x1.0+NCM Phase_Forward_011.tiff",NA,TRUE,330507
520,NA,"20230609_PdNpShon_EH_AFM_YS20230213B_Pos1_20230609_1.0x1.0+NCM Phase_Forward_012.tiff",NA,TRUE,330507
521,NA,"20230609_PdNpShon_EH_AFM_YS20230213B_Pos1_20230609_1.0x1.0+NCM Phase_Forward_013.tiff",NA,TRUE,330507
522,NA,"20230609_PdNpShon_EH_AFM_YS20230213B_Pos1_20230609_1.0x1.0+NCM Phase_Forward_014.tiff",NA,TRUE,330507
523,NA,"20230609_PdNpShon_EH_AFM_YS20230213B_Pos1_20230609_1.0x1.0+Topography_Backward_005.tiff",NA,TRUE,330507
524,NA,"20230609_PdNpShon_EH_AFM_YS20230213B_Pos1_20230609_1.0x1.0+Topography_Backward_006.tiff",NA,TRUE,330507
525,NA,"20230609_PdNpShon_EH_AFM_YS20230213B_Pos1_20230609_1.0x1.0+Topography_Backward_007.tiff",NA,TRUE,330507
526,NA,"20230609_PdNpShon_EH_AFM_YS20230213B_Pos1_20230609_1.0x1.0+Topography_Backward_008.tiff",NA,TRUE,330507
527,NA,"20230609_PdNpShon_EH_AFM_YS20230213B_Pos1_20230609_1.0x1.0+Topography_Backward_009.tiff",NA,TRUE,330507
528,NA,"20230609_PdNpShon_EH_AFM_YS20230213B_Pos1_20230609_1.0x1.0+Topography_Backward_010.tiff",NA,TRUE,330507
529,NA,"20230609_PdNpShon_EH_AFM_YS20230213B_Pos1_20230609_1.0x1.0+Topography_Backward_011.tiff",NA,TRUE,330507
530,NA,"20230609_PdNpShon_EH_AFM_YS20230213B_Pos1_20230609_1.0x1.0+Topography_Backward_012.tiff",NA,TRUE,330507
531,NA,"20230609_PdNpShon_EH_AFM_YS20230213B_Pos1_20230609_1.0x1.0+Topography_Backward_013.tiff",NA,TRUE,330507
532,NA,"20230609_PdNpShon_EH_AFM_YS20230213B_Pos1_20230609_1.0x1.0+Topography_Backward_014.tiff",NA,TRUE,330507
533,NA,"20230609_PdNpShon_EH_AFM_YS20230213B_Pos1_20230609_1.0x1.0+Topography_Forward_005.tiff",NA,TRUE,330507
534,NA,"20230609_PdNpShon_EH_AFM_YS20230213B_Pos1_20230609_1.0x1.0+Topography_Forward_006.tiff",NA,TRUE,330507
535,NA,"20230609_PdNpShon_EH_AFM_YS20230213B_Pos1_20230609_1.0x1.0+Topography_Forward_007.tiff",NA,TRUE,330507
536,NA,"20230609_PdNpShon_EH_AFM_YS20230213B_Pos1_20230609_1.0x1.0+Topography_Forward_008.tiff",NA,TRUE,330507
537,NA,"20230609_PdNpShon_EH_AFM_YS20230213B_Pos1_20230609_1.0x1.0+Topography_Forward_009.tiff",NA,TRUE,330507
538,NA,"20230609_PdNpShon_EH_AFM_YS20230213B_Pos1_20230609_1.0x1.0+Topography_Forward_010.tiff",NA,TRUE,330507
539,NA,"20230609_PdNpShon_EH_AFM_YS20230213B_Pos1_20230609_1.0x1.0+Topography_Forward_011.tiff",NA,TRUE,330507
540,NA,"20230609_PdNpShon_EH_AFM_YS20230213B_Pos1_20230609_1.0x1.0+Topography_Forward_012.tiff",NA,TRUE,330507
541,NA,"20230609_PdNpShon_EH_AFM_YS20230213B_Pos1_20230609_1.0x1.0+Topography_Forward_013.tiff",NA,TRUE,330507
542,NA,"20230609_PdNpShon_EH_AFM_YS20230213B_Pos1_20230609_1.0x1.0+Topography_Forward_014.tiff",NA,TRUE,330507
543,NA,"20230609_PdNpShon_EH_AFM_YS20230213B_Pos1_20230609_1.0x1.0+Z Height_Forward_005.tiff",NA,TRUE,330507
544,NA,"20230609_PdNpShon_EH_AFM_YS20230213B_Pos1_20230609_1.0x1.0+Z Height_Forward_006.tiff",NA,TRUE,330507
545,NA,"20230609_PdNpShon_EH_AFM_YS20230213B_Pos1_20230609_1.0x1.0+Z Height_Forward_007.tiff",NA,TRUE,330507
546,NA,"20230609_PdNpShon_EH_AFM_YS20230213B_Pos1_20230609_1.0x1.0+Z Height_Backward_008.tiff",NA,TRUE,330507
547,NA,"20230609_PdNpShon_EH_AFM_YS20230213B_Pos1_20230609_1.0x1.0+Z Height_Backward_009.tiff",NA,TRUE,330507
548,NA,"20230609_PdNpShon_EH_AFM_YS20230213B_Pos1_20230609_1.0x1.0+Z Height_Forward_010.tiff",NA,TRUE,330507
549,NA,"20230609_PdNpShon_EH_AFM_YS20230213B_Pos1_20230609_1.0x1.0+Z Height_Forward_011.tiff",NA,TRUE,330507
550,NA,"20230609_PdNpShon_EH_AFM_YS20230213B_Pos1_20230609_1.0x1.0+Z Height_Backward_012.tiff",NA,TRUE,330507
551,NA,"20230609_PdNpShon_EH_AFM_YS20230213B_Pos1_20230609_1.0x1.0+Z Height_Backward_013.tiff",NA,TRUE,330507
552,NA,"20230609_PdNpShon_EH_AFM_YS20230213B_Pos1_20230609_1.0x1.0+Z Height_Forward_014.tiff",NA,TRUE,330507
553,NA,"20230609_PdNpShon_EH_AFM_YS20230213B_Pos1_20230609_1.0x1.0+Z Height_Forward_008.tiff",NA,TRUE,330507
554,NA,"20230609_PdNpShon_EH_AFM_YS20230213B_Pos1_20230609_1.0x1.0+Z Height_Forward_009.tiff",NA,TRUE,330507
555,NA,"20230609_PdNpShon_EH_AFM_YS20230213B_Pos1_20230609_1.0x1.0+Z Height_Forward_012.tiff",NA,TRUE,330507
556,NA,"20230609_PdNpShon_EH_AFM_YS20230213B_Pos1_20230609_1.0x1.0+Z Height_Forward_013.tiff",NA,TRUE,330507
557,NA,"20230609_PdNpShon_EH_AFM_YS20230213B_Pos1_20230609_5.0x5.0+Error Signal_Backward_001.tiff",NA,TRUE,133899
558,NA,"20230609_PdNpShon_EH_AFM_YS20230213B_Pos1_20230609_5.0x5.0+Error Signal_Backward_002.tiff",NA,TRUE,133899
559,NA,"20230609_PdNpShon_EH_AFM_YS20230213B_Pos1_20230609_5.0x5.0+Error Signal_Backward_003.tiff",NA,TRUE,133899
560,NA,"20230609_PdNpShon_EH_AFM_YS20230213B_Pos1_20230609_5.0x5.0+Error Signal_Backward_004.tiff",NA,TRUE,133899
561,NA,"20230609_PdNpShon_EH_AFM_YS20230213B_Pos1_20230609_5.0x5.0+Error Signal_Forward_001.tiff",NA,TRUE,133899
562,NA,"20230609_PdNpShon_EH_AFM_YS20230213B_Pos1_20230609_5.0x5.0+Error Signal_Forward_002.tiff",NA,TRUE,133899
563,NA,"20230609_PdNpShon_EH_AFM_YS20230213B_Pos1_20230609_5.0x5.0+Error Signal_Forward_003.tiff",NA,TRUE,133899
564,NA,"20230609_PdNpShon_EH_AFM_YS20230213B_Pos1_20230609_5.0x5.0+Error Signal_Forward_004.tiff",NA,TRUE,133899
565,NA,"20230609_PdNpShon_EH_AFM_YS20230213B_Pos1_20230609_5.0x5.0+NCM Amplitude_Backward_001.tiff",NA,TRUE,133899
566,NA,"20230609_PdNpShon_EH_AFM_YS20230213B_Pos1_20230609_5.0x5.0+NCM Amplitude_Backward_002.tiff",NA,TRUE,133899
567,NA,"20230609_PdNpShon_EH_AFM_YS20230213B_Pos1_20230609_5.0x5.0+NCM Amplitude_Backward_003.tiff",NA,TRUE,133899
568,NA,"20230609_PdNpShon_EH_AFM_YS20230213B_Pos1_20230609_5.0x5.0+NCM Amplitude_Backward_004.tiff",NA,TRUE,133899
569,NA,"20230609_PdNpShon_EH_AFM_YS20230213B_Pos1_20230609_5.0x5.0+NCM Amplitude_Forward_001.tiff",NA,TRUE,133899
570,NA,"20230609_PdNpShon_EH_AFM_YS20230213B_Pos1_20230609_5.0x5.0+NCM Amplitude_Forward_002.tiff",NA,TRUE,133899
571,NA,"20230609_PdNpShon_EH_AFM_YS20230213B_Pos1_20230609_5.0x5.0+NCM Amplitude_Forward_003.tiff",NA,TRUE,133899
572,NA,"20230609_PdNpShon_EH_AFM_YS20230213B_Pos1_20230609_5.0x5.0+NCM Amplitude_Forward_004.tiff",NA,TRUE,133899
573,NA,"20230609_PdNpShon_EH_AFM_YS20230213B_Pos1_20230609_5.0x5.0+NCM Phase_Backward_001.tiff",NA,TRUE,133899
574,NA,"20230609_PdNpShon_EH_AFM_YS20230213B_Pos1_20230609_5.0x5.0+NCM Phase_Backward_002.tiff",NA,TRUE,133899
575,NA,"20230609_PdNpShon_EH_AFM_YS20230213B_Pos1_20230609_5.0x5.0+NCM Phase_Backward_003.tiff",NA,TRUE,133899
576,NA,"20230609_PdNpShon_EH_AFM_YS20230213B_Pos1_20230609_5.0x5.0+NCM Phase_Backward_004.tiff",NA,TRUE,133899
577,NA,"20230609_PdNpShon_EH_AFM_YS20230213B_Pos1_20230609_5.0x5.0+NCM Phase_Forward_001.tiff",NA,TRUE,133899
578,NA,"20230609_PdNpShon_EH_AFM_YS20230213B_Pos1_20230609_5.0x5.0+NCM Phase_Forward_002.tiff",NA,TRUE,133899
579,NA,"20230609_PdNpShon_EH_AFM_YS20230213B_Pos1_20230609_5.0x5.0+NCM Phase_Forward_003.tiff",NA,TRUE,133899
580,NA,"20230609_PdNpShon_EH_AFM_YS20230213B_Pos1_20230609_5.0x5.0+NCM Phase_Forward_004.tiff",NA,TRUE,133899
581,NA,"20230609_PdNpShon_EH_AFM_YS20230213B_Pos1_20230609_5.0x5.0+Topography_Forward_001.tiff",NA,TRUE,133899
582,NA,"20230609_PdNpShon_EH_AFM_YS20230213B_Pos1_20230609_5.0x5.0+Topography_Forward_002.tiff",NA,TRUE,133899
583,NA,"20230609_PdNpShon_EH_AFM_YS20230213B_Pos1_20230609_5.0x5.0+Topography_Backward_003.tiff",NA,TRUE,133899
584,NA,"20230609_PdNpShon_EH_AFM_YS20230213B_Pos1_20230609_5.0x5.0+Topography_Backward_004.tiff",NA,TRUE,133899
585,NA,"20230609_PdNpShon_EH_AFM_YS20230213B_Pos1_20230609_5.0x5.0+Topography_Forward_003.tiff",NA,TRUE,133899
586,NA,"20230609_PdNpShon_EH_AFM_YS20230213B_Pos1_20230609_5.0x5.0+Topography_Forward_004.tiff",NA,TRUE,133899
587,NA,"20230609_PdNpShon_EH_AFM_YS20230213B_Pos1_20230609_5.0x5.0+Z Height_Forward_001.tiff",NA,TRUE,133899
588,NA,"20230609_PdNpShon_EH_AFM_YS20230213B_Pos1_20230609_5.0x5.0+Z Height_Forward_002.tiff",NA,TRUE,133899
589,NA,"20230609_PdNpShon_EH_AFM_YS20230213B_Pos1_20230609_5.0x5.0+Z Height_Forward_003.tiff",NA,TRUE,133899
590,NA,"20230609_PdNpShon_EH_AFM_YS20230213B_Pos1_20230609_5.0x5.0+Z Height_Forward_004.tiff",NA,TRUE,133899
591,NA,"20230609_PdNpShon_EH_AFM_YS20230213B_Pos1_20230612_2.0x2.0+Error Signal_Backward_002.tiff",NA,TRUE,330507
592,NA,"20230609_PdNpShon_EH_AFM_YS20230213B_Pos1_20230612_2.0x2.0+Error Signal_Forward_002.tiff",NA,TRUE,330507
593,NA,"20230609_PdNpShon_EH_AFM_YS20230213B_Pos1_20230612_2.0x2.0+NCM Amplitude_Backward_002.tiff",NA,TRUE,330507
594,NA,"20230609_PdNpShon_EH_AFM_YS20230213B_Pos1_20230612_2.0x2.0+NCM Amplitude_Forward_002.tiff",NA,TRUE,330507
595,NA,"20230609_PdNpShon_EH_AFM_YS20230213B_Pos1_20230612_2.0x2.0+NCM Phase_Backward_002.tiff",NA,TRUE,330507
596,NA,"20230609_PdNpShon_EH_AFM_YS20230213B_Pos1_20230612_2.0x2.0+NCM Phase_Forward_002.tiff",NA,TRUE,330507
597,NA,"20230609_PdNpShon_EH_AFM_YS20230213B_Pos1_20230612_2.0x2.0+Topography_Backward_002.tiff",NA,TRUE,330507
598,NA,"20230609_PdNpShon_EH_AFM_YS20230213B_Pos1_20230612_2.0x2.0+Topography_Forward_002.tiff",NA,TRUE,330507
599,NA,"20230609_PdNpShon_EH_AFM_YS20230213B_Pos1_20230612_2.0x2.0+Z Height_Forward_002.tiff",NA,TRUE,330507
600,NA,"20230609_PdNpShon_EH_AFM_YS20230213B_Pos1_20230612_5.0x5.0+Error Signal_Backward_001.tiff",NA,TRUE,330507
601,NA,"20230609_PdNpShon_EH_AFM_YS20230213B_Pos1_20230612_5.0x5.0+Error Signal_Forward_001.tiff",NA,TRUE,330507
602,NA,"20230609_PdNpShon_EH_AFM_YS20230213B_Pos1_20230612_5.0x5.0+NCM Amplitude_Backward_001.tiff",NA,TRUE,330507
603,NA,"20230609_PdNpShon_EH_AFM_YS20230213B_Pos1_20230612_5.0x5.0+NCM Amplitude_Forward_001.tiff",NA,TRUE,330507
604,NA,"20230609_PdNpShon_EH_AFM_YS20230213B_Pos1_20230612_5.0x5.0+NCM Phase_Backward_001.tiff",NA,TRUE,330507
605,NA,"20230609_PdNpShon_EH_AFM_YS20230213B_Pos1_20230612_5.0x5.0+NCM Phase_Forward_001.tiff",NA,TRUE,330507
606,NA,"20230609_PdNpShon_EH_AFM_YS20230213B_Pos1_20230612_5.0x5.0+Topography_Backward_001.tiff",NA,TRUE,330507
607,NA,"20230609_PdNpShon_EH_AFM_YS20230213B_Pos1_20230612_5.0x5.0+Topography_Forward_001.tiff",NA,TRUE,330507
608,NA,"20230609_PdNpShon_EH_AFM_YS20230213B_Pos1_20230612_5.0x5.0+Z Height_Forward_001.tiff",NA,TRUE,330507
609,NA,"20230609_PdNPShon_EH_AFM_YS20230213B_Pos1.png",NA,TRUE,1676551
610,NA,"20230609_PdNpShon_EH_AFM_YS20230213C_Pos1_20230609_0.5x0.5+Error Signal_Backward_005.tiff",NA,TRUE,330507
611,NA,"20230609_PdNpShon_EH_AFM_YS20230213C_Pos1_20230609_0.5x0.5+Error Signal_Backward_006.tiff",NA,TRUE,330507
612,NA,"20230609_PdNpShon_EH_AFM_YS20230213C_Pos1_20230609_0.5x0.5+Error Signal_Backward_007.tiff",NA,TRUE,330507
613,NA,"20230609_PdNpShon_EH_AFM_YS20230213C_Pos1_20230609_0.5x0.5+Error Signal_Backward_008.tiff",NA,TRUE,330507
614,NA,"20230609_PdNpShon_EH_AFM_YS20230213C_Pos1_20230609_0.5x0.5+Error Signal_Backward_009.tiff",NA,TRUE,330507
615,NA,"20230609_PdNpShon_EH_AFM_YS20230213C_Pos1_20230609_0.5x0.5+Error Signal_Forward_005.tiff",NA,TRUE,330507
616,NA,"20230609_PdNpShon_EH_AFM_YS20230213C_Pos1_20230609_0.5x0.5+Error Signal_Forward_006.tiff",NA,TRUE,330507
617,NA,"20230609_PdNpShon_EH_AFM_YS20230213C_Pos1_20230609_0.5x0.5+Error Signal_Forward_007.tiff",NA,TRUE,330507
618,NA,"20230609_PdNpShon_EH_AFM_YS20230213C_Pos1_20230609_0.5x0.5+Error Signal_Forward_008.tiff",NA,TRUE,330507
619,NA,"20230609_PdNpShon_EH_AFM_YS20230213C_Pos1_20230609_0.5x0.5+Error Signal_Forward_009.tiff",NA,TRUE,330507
620,NA,"20230609_PdNpShon_EH_AFM_YS20230213C_Pos1_20230609_0.5x0.5+NCM Amplitude_Backward_005.tiff",NA,TRUE,330507
621,NA,"20230609_PdNpShon_EH_AFM_YS20230213C_Pos1_20230609_0.5x0.5+NCM Amplitude_Backward_006.tiff",NA,TRUE,330507
622,NA,"20230609_PdNpShon_EH_AFM_YS20230213C_Pos1_20230609_0.5x0.5+NCM Amplitude_Backward_007.tiff",NA,TRUE,330507
623,NA,"20230609_PdNpShon_EH_AFM_YS20230213C_Pos1_20230609_0.5x0.5+NCM Amplitude_Backward_008.tiff",NA,TRUE,330507
624,NA,"20230609_PdNpShon_EH_AFM_YS20230213C_Pos1_20230609_0.5x0.5+NCM Amplitude_Backward_009.tiff",NA,TRUE,330507
625,NA,"20230609_PdNpShon_EH_AFM_YS20230213C_Pos1_20230609_0.5x0.5+NCM Amplitude_Forward_005.tiff",NA,TRUE,330507
626,NA,"20230609_PdNpShon_EH_AFM_YS20230213C_Pos1_20230609_0.5x0.5+NCM Amplitude_Forward_006.tiff",NA,TRUE,330507
627,NA,"20230609_PdNpShon_EH_AFM_YS20230213C_Pos1_20230609_0.5x0.5+NCM Amplitude_Forward_007.tiff",NA,TRUE,330507
628,NA,"20230609_PdNpShon_EH_AFM_YS20230213C_Pos1_20230609_0.5x0.5+NCM Amplitude_Forward_008.tiff",NA,TRUE,330507
629,NA,"20230609_PdNpShon_EH_AFM_YS20230213C_Pos1_20230609_0.5x0.5+NCM Amplitude_Forward_009.tiff",NA,TRUE,330507
630,NA,"20230609_PdNpShon_EH_AFM_YS20230213C_Pos1_20230609_0.5x0.5+NCM Phase_Backward_005.tiff",NA,TRUE,330507
631,NA,"20230609_PdNpShon_EH_AFM_YS20230213C_Pos1_20230609_0.5x0.5+NCM Phase_Backward_006.tiff",NA,TRUE,330507
632,NA,"20230609_PdNpShon_EH_AFM_YS20230213C_Pos1_20230609_0.5x0.5+NCM Phase_Backward_007.tiff",NA,TRUE,330507
633,NA,"20230609_PdNpShon_EH_AFM_YS20230213C_Pos1_20230609_0.5x0.5+NCM Phase_Backward_008.tiff",NA,TRUE,330507
634,NA,"20230609_PdNpShon_EH_AFM_YS20230213C_Pos1_20230609_0.5x0.5+NCM Phase_Backward_009.tiff",NA,TRUE,330507
635,NA,"20230609_PdNpShon_EH_AFM_YS20230213C_Pos1_20230609_0.5x0.5+NCM Phase_Forward_005.tiff",NA,TRUE,330507
636,NA,"20230609_PdNpShon_EH_AFM_YS20230213C_Pos1_20230609_0.5x0.5+NCM Phase_Forward_006.tiff",NA,TRUE,330507
637,NA,"20230609_PdNpShon_EH_AFM_YS20230213C_Pos1_20230609_0.5x0.5+NCM Phase_Forward_007.tiff",NA,TRUE,330507
638,NA,"20230609_PdNpShon_EH_AFM_YS20230213C_Pos1_20230609_0.5x0.5+NCM Phase_Forward_008.tiff",NA,TRUE,330507
639,NA,"20230609_PdNpShon_EH_AFM_YS20230213C_Pos1_20230609_0.5x0.5+NCM Phase_Forward_009.tiff",NA,TRUE,330507
640,NA,"20230609_PdNpShon_EH_AFM_YS20230213C_Pos1_20230609_0.5x0.5+Topography_Backward_005.tiff",NA,TRUE,330507
641,NA,"20230609_PdNpShon_EH_AFM_YS20230213C_Pos1_20230609_0.5x0.5+Topography_Backward_006.tiff",NA,TRUE,330507
642,NA,"20230609_PdNpShon_EH_AFM_YS20230213C_Pos1_20230609_0.5x0.5+Topography_Backward_007.tiff",NA,TRUE,330507
643,NA,"20230609_PdNpShon_EH_AFM_YS20230213C_Pos1_20230609_0.5x0.5+Topography_Backward_008.tiff",NA,TRUE,330507
644,NA,"20230609_PdNpShon_EH_AFM_YS20230213C_Pos1_20230609_0.5x0.5+Topography_Backward_009.tiff",NA,TRUE,330507
645,NA,"20230609_PdNpShon_EH_AFM_YS20230213C_Pos1_20230609_0.5x0.5+Topography_Forward_005.tiff",NA,TRUE,330507
646,NA,"20230609_PdNpShon_EH_AFM_YS20230213C_Pos1_20230609_0.5x0.5+Topography_Forward_006.tiff",NA,TRUE,330507
647,NA,"20230609_PdNpShon_EH_AFM_YS20230213C_Pos1_20230609_0.5x0.5+Topography_Forward_007.tiff",NA,TRUE,330507
648,NA,"20230609_PdNpShon_EH_AFM_YS20230213C_Pos1_20230609_0.5x0.5+Topography_Forward_008.tiff",NA,TRUE,330507
649,NA,"20230609_PdNpShon_EH_AFM_YS20230213C_Pos1_20230609_0.5x0.5+Topography_Forward_009.tiff",NA,TRUE,330507
650,NA,"20230609_PdNpShon_EH_AFM_YS20230213C_Pos1_20230609_0.5x0.5+Z Height_Forward_005.tiff",NA,TRUE,330507
651,NA,"20230609_PdNpShon_EH_AFM_YS20230213C_Pos1_20230609_0.5x0.5+Z Height_Forward_006.tiff",NA,TRUE,330507
652,NA,"20230609_PdNpShon_EH_AFM_YS20230213C_Pos1_20230609_0.5x0.5+Z Height_Backward_007.tiff",NA,TRUE,330507
653,NA,"20230609_PdNpShon_EH_AFM_YS20230213C_Pos1_20230609_0.5x0.5+Z Height_Forward_008.tiff",NA,TRUE,330507
654,NA,"20230609_PdNpShon_EH_AFM_YS20230213C_Pos1_20230609_0.5x0.5+Z Height_Backward_009.tiff",NA,TRUE,330507
655,NA,"20230609_PdNpShon_EH_AFM_YS20230213C_Pos1_20230609_0.5x0.5+Z Height_Forward_007.tiff",NA,TRUE,330507
656,NA,"20230609_PdNpShon_EH_AFM_YS20230213C_Pos1_20230609_0.5x0.5+Z Height_Forward_009.tiff",NA,TRUE,330507
657,NA,"20230609_PdNpShon_EH_AFM_YS20230213C_Pos1_20230609_1.0x1.0+Error Signal_Backward_002.tiff",NA,TRUE,133899
658,NA,"20230609_PdNpShon_EH_AFM_YS20230213C_Pos1_20230609_1.0x1.0+Error Signal_Backward_003.tiff",NA,TRUE,133899
659,NA,"20230609_PdNpShon_EH_AFM_YS20230213C_Pos1_20230609_1.0x1.0+Error Signal_Backward_004.tiff",NA,TRUE,330507
660,NA,"20230609_PdNpShon_EH_AFM_YS20230213C_Pos1_20230609_1.0x1.0+Error Signal_Backward_013.tiff",NA,TRUE,1116939
661,NA,"20230609_PdNpShon_EH_AFM_YS20230213C_Pos1_20230609_1.0x1.0+Error Signal_Backward_014.tiff",NA,TRUE,330507
662,NA,"20230609_PdNpShon_EH_AFM_YS20230213C_Pos1_20230609_1.0x1.0+Error Signal_Forward_002.tiff",NA,TRUE,133899
663,NA,"20230609_PdNpShon_EH_AFM_YS20230213C_Pos1_20230609_1.0x1.0+Error Signal_Forward_003.tiff",NA,TRUE,133899
664,NA,"20230609_PdNpShon_EH_AFM_YS20230213C_Pos1_20230609_1.0x1.0+Error Signal_Forward_004.tiff",NA,TRUE,330507
665,NA,"20230609_PdNpShon_EH_AFM_YS20230213C_Pos1_20230609_1.0x1.0+Error Signal_Forward_013.tiff",NA,TRUE,1116939
666,NA,"20230609_PdNpShon_EH_AFM_YS20230213C_Pos1_20230609_1.0x1.0+Error Signal_Forward_014.tiff",NA,TRUE,330507
667,NA,"20230609_PdNpShon_EH_AFM_YS20230213C_Pos1_20230609_1.0x1.0+NCM Amplitude_Backward_002.tiff",NA,TRUE,133899
668,NA,"20230609_PdNpShon_EH_AFM_YS20230213C_Pos1_20230609_1.0x1.0+NCM Amplitude_Backward_003.tiff",NA,TRUE,133899
669,NA,"20230609_PdNpShon_EH_AFM_YS20230213C_Pos1_20230609_1.0x1.0+NCM Amplitude_Backward_004.tiff",NA,TRUE,330507
670,NA,"20230609_PdNpShon_EH_AFM_YS20230213C_Pos1_20230609_1.0x1.0+NCM Amplitude_Backward_013.tiff",NA,TRUE,1116939
671,NA,"20230609_PdNpShon_EH_AFM_YS20230213C_Pos1_20230609_1.0x1.0+NCM Amplitude_Backward_014.tiff",NA,TRUE,330507
672,NA,"20230609_PdNpShon_EH_AFM_YS20230213C_Pos1_20230609_1.0x1.0+NCM Amplitude_Forward_002.tiff",NA,TRUE,133899
673,NA,"20230609_PdNpShon_EH_AFM_YS20230213C_Pos1_20230609_1.0x1.0+NCM Amplitude_Forward_003.tiff",NA,TRUE,133899
674,NA,"20230609_PdNpShon_EH_AFM_YS20230213C_Pos1_20230609_1.0x1.0+NCM Amplitude_Forward_004.tiff",NA,TRUE,330507
675,NA,"20230609_PdNpShon_EH_AFM_YS20230213C_Pos1_20230609_1.0x1.0+NCM Amplitude_Forward_013.tiff",NA,TRUE,1116939
676,NA,"20230609_PdNpShon_EH_AFM_YS20230213C_Pos1_20230609_1.0x1.0+NCM Amplitude_Forward_014.tiff",NA,TRUE,330507
677,NA,"20230609_PdNpShon_EH_AFM_YS20230213C_Pos1_20230609_1.0x1.0+NCM Phase_Backward_002.tiff",NA,TRUE,133899
678,NA,"20230609_PdNpShon_EH_AFM_YS20230213C_Pos1_20230609_1.0x1.0+NCM Phase_Backward_003.tiff",NA,TRUE,133899
679,NA,"20230609_PdNpShon_EH_AFM_YS20230213C_Pos1_20230609_1.0x1.0+NCM Phase_Backward_004.tiff",NA,TRUE,330507
680,NA,"20230609_PdNpShon_EH_AFM_YS20230213C_Pos1_20230609_1.0x1.0+NCM Phase_Backward_013.tiff",NA,TRUE,1116939
681,NA,"20230609_PdNpShon_EH_AFM_YS20230213C_Pos1_20230609_1.0x1.0+NCM Phase_Backward_014.tiff",NA,TRUE,330507
682,NA,"20230609_PdNpShon_EH_AFM_YS20230213C_Pos1_20230609_1.0x1.0+NCM Phase_Forward_002.tiff",NA,TRUE,133899
683,NA,"20230609_PdNpShon_EH_AFM_YS20230213C_Pos1_20230609_1.0x1.0+NCM Phase_Forward_003.tiff",NA,TRUE,133899
684,NA,"20230609_PdNpShon_EH_AFM_YS20230213C_Pos1_20230609_1.0x1.0+NCM Phase_Forward_004.tiff",NA,TRUE,330507
685,NA,"20230609_PdNpShon_EH_AFM_YS20230213C_Pos1_20230609_1.0x1.0+NCM Phase_Forward_013.tiff",NA,TRUE,1116939
686,NA,"20230609_PdNpShon_EH_AFM_YS20230213C_Pos1_20230609_1.0x1.0+NCM Phase_Forward_014.tiff",NA,TRUE,330507
687,NA,"20230609_PdNpShon_EH_AFM_YS20230213C_Pos1_20230609_1.0x1.0+Topography_Backward_002.tiff",NA,TRUE,133899
688,NA,"20230609_PdNpShon_EH_AFM_YS20230213C_Pos1_20230609_1.0x1.0+Topography_Backward_003.tiff",NA,TRUE,133899
689,NA,"20230609_PdNpShon_EH_AFM_YS20230213C_Pos1_20230609_1.0x1.0+Topography_Backward_004.tiff",NA,TRUE,330507
690,NA,"20230609_PdNpShon_EH_AFM_YS20230213C_Pos1_20230609_1.0x1.0+Topography_Backward_013.tiff",NA,TRUE,1116939
691,NA,"20230609_PdNpShon_EH_AFM_YS20230213C_Pos1_20230609_1.0x1.0+Topography_Backward_014.tiff",NA,TRUE,330507
692,NA,"20230609_PdNpShon_EH_AFM_YS20230213C_Pos1_20230609_1.0x1.0+Topography_Forward_002.tiff",NA,TRUE,133899
693,NA,"20230609_PdNpShon_EH_AFM_YS20230213C_Pos1_20230609_1.0x1.0+Topography_Forward_003.tiff",NA,TRUE,133899
694,NA,"20230609_PdNpShon_EH_AFM_YS20230213C_Pos1_20230609_1.0x1.0+Topography_Forward_004.tiff",NA,TRUE,330507
695,NA,"20230609_PdNpShon_EH_AFM_YS20230213C_Pos1_20230609_1.0x1.0+Topography_Forward_013.tiff",NA,TRUE,1116939
696,NA,"20230609_PdNpShon_EH_AFM_YS20230213C_Pos1_20230609_1.0x1.0+Topography_Forward_014.tiff",NA,TRUE,330507
697,NA,"20230609_PdNpShon_EH_AFM_YS20230213C_Pos1_20230609_1.0x1.0+Z Height_Forward_002.tiff",NA,TRUE,133899
698,NA,"20230609_PdNpShon_EH_AFM_YS20230213C_Pos1_20230609_1.0x1.0+Z Height_Forward_003.tiff",NA,TRUE,133899
699,NA,"20230609_PdNpShon_EH_AFM_YS20230213C_Pos1_20230609_1.0x1.0+Z Height_Forward_004.tiff",NA,TRUE,330507
700,NA,"20230609_PdNpShon_EH_AFM_YS20230213C_Pos1_20230609_1.0x1.0+Z Height_Forward_013.tiff",NA,TRUE,1116939
701,NA,"20230609_PdNpShon_EH_AFM_YS20230213C_Pos1_20230609_1.0x1.0+Z Height_Forward_014.tiff",NA,TRUE,330507
702,NA,"20230609_PdNpShon_EH_AFM_YS20230213C_Pos1_20230609_2.0x2.0+Error Signal_Backward_011.tiff",NA,TRUE,330507
703,NA,"20230609_PdNpShon_EH_AFM_YS20230213C_Pos1_20230609_2.0x2.0+Error Signal_Backward_012.tiff",NA,TRUE,330507
704,NA,"20230609_PdNpShon_EH_AFM_YS20230213C_Pos1_20230609_2.0x2.0+Error Signal_Forward_011.tiff",NA,TRUE,330507
705,NA,"20230609_PdNpShon_EH_AFM_YS20230213C_Pos1_20230609_2.0x2.0+Error Signal_Forward_012.tiff",NA,TRUE,330507
706,NA,"20230609_PdNpShon_EH_AFM_YS20230213C_Pos1_20230609_2.0x2.0+NCM Amplitude_Backward_011.tiff",NA,TRUE,330507
707,NA,"20230609_PdNpShon_EH_AFM_YS20230213C_Pos1_20230609_2.0x2.0+NCM Amplitude_Backward_012.tiff",NA,TRUE,330507
708,NA,"20230609_PdNpShon_EH_AFM_YS20230213C_Pos1_20230609_2.0x2.0+NCM Amplitude_Forward_011.tiff",NA,TRUE,330507
709,NA,"20230609_PdNpShon_EH_AFM_YS20230213C_Pos1_20230609_2.0x2.0+NCM Amplitude_Forward_012.tiff",NA,TRUE,330507
710,NA,"20230609_PdNpShon_EH_AFM_YS20230213C_Pos1_20230609_2.0x2.0+NCM Phase_Backward_011.tiff",NA,TRUE,330507
711,NA,"20230609_PdNpShon_EH_AFM_YS20230213C_Pos1_20230609_2.0x2.0+NCM Phase_Backward_012.tiff",NA,TRUE,330507
712,NA,"20230609_PdNpShon_EH_AFM_YS20230213C_Pos1_20230609_2.0x2.0+NCM Phase_Forward_011.tiff",NA,TRUE,330507
713,NA,"20230609_PdNpShon_EH_AFM_YS20230213C_Pos1_20230609_2.0x2.0+NCM Phase_Forward_012.tiff",NA,TRUE,330507
714,NA,"20230609_PdNpShon_EH_AFM_YS20230213C_Pos1_20230609_2.0x2.0+Topography_Backward_011.tiff",NA,TRUE,330507
715,NA,"20230609_PdNpShon_EH_AFM_YS20230213C_Pos1_20230609_2.0x2.0+Topography_Backward_012.tiff",NA,TRUE,330507
716,NA,"20230609_PdNpShon_EH_AFM_YS20230213C_Pos1_20230609_2.0x2.0+Topography_Forward_011.tiff",NA,TRUE,330507
717,NA,"20230609_PdNpShon_EH_AFM_YS20230213C_Pos1_20230609_2.0x2.0+Topography_Forward_012.tiff",NA,TRUE,330507
718,NA,"20230609_PdNpShon_EH_AFM_YS20230213C_Pos1_20230609_2.0x2.0+Z Height_Forward_011.tiff",NA,TRUE,330507
719,NA,"20230609_PdNpShon_EH_AFM_YS20230213C_Pos1_20230609_2.0x2.0+Z Height_Forward_012.tiff",NA,TRUE,330507
720,NA,"20230609_PdNpShon_EH_AFM_YS20230213C_Pos1_20230609_5.0x5.0+Error Signal_Backward_001.tiff",NA,TRUE,133899
721,NA,"20230609_PdNpShon_EH_AFM_YS20230213C_Pos1_20230609_5.0x5.0+Error Signal_Backward_010.tiff",NA,TRUE,330507
722,NA,"20230609_PdNpShon_EH_AFM_YS20230213C_Pos1_20230609_5.0x5.0+Error Signal_Forward_001.tiff",NA,TRUE,133899
723,NA,"20230609_PdNpShon_EH_AFM_YS20230213C_Pos1_20230609_5.0x5.0+Error Signal_Forward_010.tiff",NA,TRUE,330507
724,NA,"20230609_PdNpShon_EH_AFM_YS20230213C_Pos1_20230609_5.0x5.0+NCM Amplitude_Backward_001.tiff",NA,TRUE,133899
725,NA,"20230609_PdNpShon_EH_AFM_YS20230213C_Pos1_20230609_5.0x5.0+NCM Amplitude_Backward_010.tiff",NA,TRUE,330507
726,NA,"20230609_PdNpShon_EH_AFM_YS20230213C_Pos1_20230609_5.0x5.0+NCM Amplitude_Forward_001.tiff",NA,TRUE,133899
727,NA,"20230609_PdNpShon_EH_AFM_YS20230213C_Pos1_20230609_5.0x5.0+NCM Amplitude_Forward_010.tiff",NA,TRUE,330507
728,NA,"20230609_PdNpShon_EH_AFM_YS20230213C_Pos1_20230609_5.0x5.0+NCM Phase_Backward_001.tiff",NA,TRUE,133899
729,NA,"20230609_PdNpShon_EH_AFM_YS20230213C_Pos1_20230609_5.0x5.0+NCM Phase_Backward_010.tiff",NA,TRUE,330507
730,NA,"20230609_PdNpShon_EH_AFM_YS20230213C_Pos1_20230609_5.0x5.0+NCM Phase_Forward_001.tiff",NA,TRUE,133899
731,NA,"20230609_PdNpShon_EH_AFM_YS20230213C_Pos1_20230609_5.0x5.0+NCM Phase_Forward_010.tiff",NA,TRUE,330507
732,NA,"20230609_PdNpShon_EH_AFM_YS20230213C_Pos1_20230609_5.0x5.0+Topography_Backward_001.tiff",NA,TRUE,133899
733,NA,"20230609_PdNpShon_EH_AFM_YS20230213C_Pos1_20230609_5.0x5.0+Topography_Backward_010.tiff",NA,TRUE,330507
734,NA,"20230609_PdNpShon_EH_AFM_YS20230213C_Pos1_20230609_5.0x5.0+Topography_Forward_001.tiff",NA,TRUE,133899
735,NA,"20230609_PdNpShon_EH_AFM_YS20230213C_Pos1_20230609_5.0x5.0+Topography_Forward_010.tiff",NA,TRUE,330507
736,NA,"20230609_PdNpShon_EH_AFM_YS20230213C_Pos1_20230609_5.0x5.0+Z Height_Forward_001.tiff",NA,TRUE,133899
737,NA,"20230609_PdNpShon_EH_AFM_YS20230213C_Pos1_20230609_5.0x5.0+Z Height_Forward_010.tiff",NA,TRUE,330507
738,NA,"20230609_PdNPShon_EH_AFM_YS20230213C_Pos1.png",NA,TRUE,1669832
739,NA,"20230609_PdNpShon_EH_AFM_YS20230213D_Pos1_20230612_1.0x1.0+Error Signal_Backward_006.tiff",NA,TRUE,330507
740,NA,"20230609_PdNpShon_EH_AFM_YS20230213D_Pos1_20230612_1.0x1.0+Error Signal_Backward_007.tiff",NA,TRUE,330507
741,NA,"20230609_PdNpShon_EH_AFM_YS20230213D_Pos1_20230612_1.0x1.0+Error Signal_Backward_008.tiff",NA,TRUE,330507
742,NA,"20230609_PdNpShon_EH_AFM_YS20230213D_Pos1_20230612_1.0x1.0+Error Signal_Backward_009.tiff",NA,TRUE,330507
743,NA,"20230609_PdNpShon_EH_AFM_YS20230213D_Pos1_20230612_1.0x1.0+Error Signal_Backward_010.tiff",NA,TRUE,330507
744,NA,"20230609_PdNpShon_EH_AFM_YS20230213D_Pos1_20230612_1.0x1.0+Error Signal_Forward_006.tiff",NA,TRUE,330507
745,NA,"20230609_PdNpShon_EH_AFM_YS20230213D_Pos1_20230612_1.0x1.0+Error Signal_Forward_007.tiff",NA,TRUE,330507
746,NA,"20230609_PdNpShon_EH_AFM_YS20230213D_Pos1_20230612_1.0x1.0+Error Signal_Forward_008.tiff",NA,TRUE,330507
747,NA,"20230609_PdNpShon_EH_AFM_YS20230213D_Pos1_20230612_1.0x1.0+Error Signal_Forward_009.tiff",NA,TRUE,330507
748,NA,"20230609_PdNpShon_EH_AFM_YS20230213D_Pos1_20230612_1.0x1.0+Error Signal_Forward_010.tiff",NA,TRUE,330507
749,NA,"20230609_PdNpShon_EH_AFM_YS20230213D_Pos1_20230612_1.0x1.0+NCM Amplitude_Backward_006.tiff",NA,TRUE,330507
750,NA,"20230609_PdNpShon_EH_AFM_YS20230213D_Pos1_20230612_1.0x1.0+NCM Amplitude_Backward_007.tiff",NA,TRUE,330507
751,NA,"20230609_PdNpShon_EH_AFM_YS20230213D_Pos1_20230612_1.0x1.0+NCM Amplitude_Backward_008.tiff",NA,TRUE,330507
752,NA,"20230609_PdNpShon_EH_AFM_YS20230213D_Pos1_20230612_1.0x1.0+NCM Amplitude_Backward_009.tiff",NA,TRUE,330507
753,NA,"20230609_PdNpShon_EH_AFM_YS20230213D_Pos1_20230612_1.0x1.0+NCM Amplitude_Backward_010.tiff",NA,TRUE,330507
754,NA,"20230609_PdNpShon_EH_AFM_YS20230213D_Pos1_20230612_1.0x1.0+NCM Amplitude_Forward_006.tiff",NA,TRUE,330507
755,NA,"20230609_PdNpShon_EH_AFM_YS20230213D_Pos1_20230612_1.0x1.0+NCM Amplitude_Forward_007.tiff",NA,TRUE,330507
756,NA,"20230609_PdNpShon_EH_AFM_YS20230213D_Pos1_20230612_1.0x1.0+NCM Amplitude_Forward_008.tiff",NA,TRUE,330507
757,NA,"20230609_PdNpShon_EH_AFM_YS20230213D_Pos1_20230612_1.0x1.0+NCM Amplitude_Forward_009.tiff",NA,TRUE,330507
758,NA,"20230609_PdNpShon_EH_AFM_YS20230213D_Pos1_20230612_1.0x1.0+NCM Amplitude_Forward_010.tiff",NA,TRUE,330507
759,NA,"20230609_PdNpShon_EH_AFM_YS20230213D_Pos1_20230612_1.0x1.0+NCM Phase_Backward_006.tiff",NA,TRUE,330507
760,NA,"20230609_PdNpShon_EH_AFM_YS20230213D_Pos1_20230612_1.0x1.0+NCM Phase_Backward_007.tiff",NA,TRUE,330507
761,NA,"20230609_PdNpShon_EH_AFM_YS20230213D_Pos1_20230612_1.0x1.0+NCM Phase_Backward_008.tiff",NA,TRUE,330507
762,NA,"20230609_PdNpShon_EH_AFM_YS20230213D_Pos1_20230612_1.0x1.0+NCM Phase_Backward_009.tiff",NA,TRUE,330507
763,NA,"20230609_PdNpShon_EH_AFM_YS20230213D_Pos1_20230612_1.0x1.0+NCM Phase_Backward_010.tiff",NA,TRUE,330507
764,NA,"20230609_PdNpShon_EH_AFM_YS20230213D_Pos1_20230612_1.0x1.0+NCM Phase_Forward_006.tiff",NA,TRUE,330507
765,NA,"20230609_PdNpShon_EH_AFM_YS20230213D_Pos1_20230612_1.0x1.0+NCM Phase_Forward_007.tiff",NA,TRUE,330507
766,NA,"20230609_PdNpShon_EH_AFM_YS20230213D_Pos1_20230612_1.0x1.0+NCM Phase_Forward_008.tiff",NA,TRUE,330507
767,NA,"20230609_PdNpShon_EH_AFM_YS20230213D_Pos1_20230612_1.0x1.0+NCM Phase_Forward_009.tiff",NA,TRUE,330507
768,NA,"20230609_PdNpShon_EH_AFM_YS20230213D_Pos1_20230612_1.0x1.0+NCM Phase_Forward_010.tiff",NA,TRUE,330507
769,NA,"20230609_PdNpShon_EH_AFM_YS20230213D_Pos1_20230612_1.0x1.0+Topography_Backward_006.tiff",NA,TRUE,330507
770,NA,"20230609_PdNpShon_EH_AFM_YS20230213D_Pos1_20230612_1.0x1.0+Topography_Backward_007.tiff",NA,TRUE,330507
771,NA,"20230609_PdNpShon_EH_AFM_YS20230213D_Pos1_20230612_1.0x1.0+Topography_Backward_008.tiff",NA,TRUE,330507
772,NA,"20230609_PdNpShon_EH_AFM_YS20230213D_Pos1_20230612_1.0x1.0+Topography_Backward_009.tiff",NA,TRUE,330507
773,NA,"20230609_PdNpShon_EH_AFM_YS20230213D_Pos1_20230612_1.0x1.0+Topography_Backward_010.tiff",NA,TRUE,330507
774,NA,"20230609_PdNpShon_EH_AFM_YS20230213D_Pos1_20230612_1.0x1.0+Topography_Forward_006.tiff",NA,TRUE,330507
775,NA,"20230609_PdNpShon_EH_AFM_YS20230213D_Pos1_20230612_1.0x1.0+Topography_Forward_007.tiff",NA,TRUE,330507
776,NA,"20230609_PdNpShon_EH_AFM_YS20230213D_Pos1_20230612_1.0x1.0+Topography_Forward_008.tiff",NA,TRUE,330507
777,NA,"20230609_PdNpShon_EH_AFM_YS20230213D_Pos1_20230612_1.0x1.0+Topography_Forward_009.tiff",NA,TRUE,330507
778,NA,"20230609_PdNpShon_EH_AFM_YS20230213D_Pos1_20230612_1.0x1.0+Topography_Forward_010.tiff",NA,TRUE,330507
779,NA,"20230609_PdNpShon_EH_AFM_YS20230213D_Pos1_20230612_1.0x1.0+Z Height_Backward_006.tiff",NA,TRUE,330507
780,NA,"20230609_PdNpShon_EH_AFM_YS20230213D_Pos1_20230612_1.0x1.0+Z Height_Backward_007.tiff",NA,TRUE,330507
781,NA,"20230609_PdNpShon_EH_AFM_YS20230213D_Pos1_20230612_1.0x1.0+Z Height_Forward_008.tiff",NA,TRUE,330507
782,NA,"20230609_PdNpShon_EH_AFM_YS20230213D_Pos1_20230612_1.0x1.0+Z Height_Backward_009.tiff",NA,TRUE,330507
783,NA,"20230609_PdNpShon_EH_AFM_YS20230213D_Pos1_20230612_1.0x1.0+Z Height_Forward_010.tiff",NA,TRUE,330507
784,NA,"20230609_PdNpShon_EH_AFM_YS20230213D_Pos1_20230612_1.0x1.0+Z Height_Forward_006.tiff",NA,TRUE,330507
785,NA,"20230609_PdNpShon_EH_AFM_YS20230213D_Pos1_20230612_1.0x1.0+Z Height_Forward_007.tiff",NA,TRUE,330507
786,NA,"20230609_PdNpShon_EH_AFM_YS20230213D_Pos1_20230612_1.0x1.0+Z Height_Forward_009.tiff",NA,TRUE,330507
787,NA,"20230609_PdNpShon_EH_AFM_YS20230213D_Pos1_20230612_2.0x2.0+Error Signal_Backward_003.tiff",NA,TRUE,330507
788,NA,"20230609_PdNpShon_EH_AFM_YS20230213D_Pos1_20230612_2.0x2.0+Error Signal_Backward_004.tiff",NA,TRUE,330507
789,NA,"20230609_PdNpShon_EH_AFM_YS20230213D_Pos1_20230612_2.0x2.0+Error Signal_Backward_005.tiff",NA,TRUE,330507
790,NA,"20230609_PdNpShon_EH_AFM_YS20230213D_Pos1_20230612_2.0x2.0+Error Signal_Forward_003.tiff",NA,TRUE,330507
791,NA,"20230609_PdNpShon_EH_AFM_YS20230213D_Pos1_20230612_2.0x2.0+Error Signal_Forward_004.tiff",NA,TRUE,330507
792,NA,"20230609_PdNpShon_EH_AFM_YS20230213D_Pos1_20230612_2.0x2.0+Error Signal_Forward_005.tiff",NA,TRUE,330507
793,NA,"20230609_PdNpShon_EH_AFM_YS20230213D_Pos1_20230612_2.0x2.0+NCM Amplitude_Backward_003.tiff",NA,TRUE,330507
794,NA,"20230609_PdNpShon_EH_AFM_YS20230213D_Pos1_20230612_2.0x2.0+NCM Amplitude_Backward_004.tiff",NA,TRUE,330507
795,NA,"20230609_PdNpShon_EH_AFM_YS20230213D_Pos1_20230612_2.0x2.0+NCM Amplitude_Backward_005.tiff",NA,TRUE,330507
796,NA,"20230609_PdNpShon_EH_AFM_YS20230213D_Pos1_20230612_2.0x2.0+NCM Amplitude_Forward_003.tiff",NA,TRUE,330507
797,NA,"20230609_PdNpShon_EH_AFM_YS20230213D_Pos1_20230612_2.0x2.0+NCM Amplitude_Forward_004.tiff",NA,TRUE,330507
798,NA,"20230609_PdNpShon_EH_AFM_YS20230213D_Pos1_20230612_2.0x2.0+NCM Amplitude_Forward_005.tiff",NA,TRUE,330507
799,NA,"20230609_PdNpShon_EH_AFM_YS20230213D_Pos1_20230612_2.0x2.0+NCM Phase_Backward_003.tiff",NA,TRUE,330507
800,NA,"20230609_PdNpShon_EH_AFM_YS20230213D_Pos1_20230612_2.0x2.0+NCM Phase_Backward_004.tiff",NA,TRUE,330507
801,NA,"20230609_PdNpShon_EH_AFM_YS20230213D_Pos1_20230612_2.0x2.0+NCM Phase_Backward_005.tiff",NA,TRUE,330507
802,NA,"20230609_PdNpShon_EH_AFM_YS20230213D_Pos1_20230612_2.0x2.0+NCM Phase_Forward_003.tiff",NA,TRUE,330507
803,NA,"20230609_PdNpShon_EH_AFM_YS20230213D_Pos1_20230612_2.0x2.0+NCM Phase_Forward_004.tiff",NA,TRUE,330507
804,NA,"20230609_PdNpShon_EH_AFM_YS20230213D_Pos1_20230612_2.0x2.0+NCM Phase_Forward_005.tiff",NA,TRUE,330507
805,NA,"20230609_PdNpShon_EH_AFM_YS20230213D_Pos1_20230612_2.0x2.0+Topography_Backward_003.tiff",NA,TRUE,330507
806,NA,"20230609_PdNpShon_EH_AFM_YS20230213D_Pos1_20230612_2.0x2.0+Topography_Backward_004.tiff",NA,TRUE,330507
807,NA,"20230609_PdNpShon_EH_AFM_YS20230213D_Pos1_20230612_2.0x2.0+Topography_Backward_005.tiff",NA,TRUE,330507
808,NA,"20230609_PdNpShon_EH_AFM_YS20230213D_Pos1_20230612_2.0x2.0+Topography_Forward_003.tiff",NA,TRUE,330507
809,NA,"20230609_PdNpShon_EH_AFM_YS20230213D_Pos1_20230612_2.0x2.0+Topography_Forward_004.tiff",NA,TRUE,330507
810,NA,"20230609_PdNpShon_EH_AFM_YS20230213D_Pos1_20230612_2.0x2.0+Topography_Forward_005.tiff",NA,TRUE,330507
811,NA,"20230609_PdNpShon_EH_AFM_YS20230213D_Pos1_20230612_2.0x2.0+Z Height_Forward_003.tiff",NA,TRUE,330507
812,NA,"20230609_PdNpShon_EH_AFM_YS20230213D_Pos1_20230612_2.0x2.0+Z Height_Backward_004.tiff",NA,TRUE,330507
813,NA,"20230609_PdNpShon_EH_AFM_YS20230213D_Pos1_20230612_2.0x2.0+Z Height_Forward_005.tiff",NA,TRUE,330507
814,NA,"20230609_PdNpShon_EH_AFM_YS20230213D_Pos1_20230612_2.0x2.0+Z Height_Forward_004.tiff",NA,TRUE,330507
815,NA,"20230612_PdNPShon_EH_AFM_YS20230213D_Pos1.png",NA,TRUE,1717636
816,NA,"20230613_PdNpShon_EH_AFM_YS20230213A_Pos1_20230613_2.0x2.0+Error Signal_Backward_003.tiff",NA,TRUE,330507
817,NA,"20230613_PdNpShon_EH_AFM_YS20230213A_Pos1_20230613_2.0x2.0+Error Signal_Backward_004.tiff",NA,TRUE,330507
818,NA,"20230613_PdNpShon_EH_AFM_YS20230213A_Pos1_20230613_2.0x2.0+Error Signal_Backward_005.tiff",NA,TRUE,330507
819,NA,"20230613_PdNpShon_EH_AFM_YS20230213A_Pos1_20230613_2.0x2.0+Error Signal_Backward_006.tiff",NA,TRUE,330507
820,NA,"20230613_PdNpShon_EH_AFM_YS20230213A_Pos1_20230613_2.0x2.0+Error Signal_Backward_007.tiff",NA,TRUE,330507
821,NA,"20230613_PdNpShon_EH_AFM_YS20230213A_Pos1_20230613_2.0x2.0+Error Signal_Backward_008.tiff",NA,TRUE,330507
822,NA,"20230613_PdNpShon_EH_AFM_YS20230213A_Pos1_20230613_2.0x2.0+Error Signal_Forward_003.tiff",NA,TRUE,330507
823,NA,"20230613_PdNpShon_EH_AFM_YS20230213A_Pos1_20230613_2.0x2.0+Error Signal_Forward_004.tiff",NA,TRUE,330507
824,NA,"20230613_PdNpShon_EH_AFM_YS20230213A_Pos1_20230613_2.0x2.0+Error Signal_Forward_005.tiff",NA,TRUE,330507
825,NA,"20230613_PdNpShon_EH_AFM_YS20230213A_Pos1_20230613_2.0x2.0+Error Signal_Forward_006.tiff",NA,TRUE,330507
826,NA,"20230613_PdNpShon_EH_AFM_YS20230213A_Pos1_20230613_2.0x2.0+Error Signal_Forward_007.tiff",NA,TRUE,330507
827,NA,"20230613_PdNpShon_EH_AFM_YS20230213A_Pos1_20230613_2.0x2.0+Error Signal_Forward_008.tiff",NA,TRUE,330507
828,NA,"20230613_PdNpShon_EH_AFM_YS20230213A_Pos1_20230613_2.0x2.0+NCM Amplitude_Backward_003.tiff",NA,TRUE,330507
829,NA,"20230613_PdNpShon_EH_AFM_YS20230213A_Pos1_20230613_2.0x2.0+NCM Amplitude_Backward_004.tiff",NA,TRUE,330507
830,NA,"20230613_PdNpShon_EH_AFM_YS20230213A_Pos1_20230613_2.0x2.0+NCM Amplitude_Backward_005.tiff",NA,TRUE,330507
831,NA,"20230613_PdNpShon_EH_AFM_YS20230213A_Pos1_20230613_2.0x2.0+NCM Amplitude_Backward_006.tiff",NA,TRUE,330507
832,NA,"20230613_PdNpShon_EH_AFM_YS20230213A_Pos1_20230613_2.0x2.0+NCM Amplitude_Backward_007.tiff",NA,TRUE,330507
833,NA,"20230613_PdNpShon_EH_AFM_YS20230213A_Pos1_20230613_2.0x2.0+NCM Amplitude_Backward_008.tiff",NA,TRUE,330507
834,NA,"20230613_PdNpShon_EH_AFM_YS20230213A_Pos1_20230613_2.0x2.0+NCM Amplitude_Forward_003.tiff",NA,TRUE,330507
835,NA,"20230613_PdNpShon_EH_AFM_YS20230213A_Pos1_20230613_2.0x2.0+NCM Amplitude_Forward_004.tiff",NA,TRUE,330507
836,NA,"20230613_PdNpShon_EH_AFM_YS20230213A_Pos1_20230613_2.0x2.0+NCM Amplitude_Forward_005.tiff",NA,TRUE,330507
837,NA,"20230613_PdNpShon_EH_AFM_YS20230213A_Pos1_20230613_2.0x2.0+NCM Amplitude_Forward_006.tiff",NA,TRUE,330507
838,NA,"20230613_PdNpShon_EH_AFM_YS20230213A_Pos1_20230613_2.0x2.0+NCM Amplitude_Forward_007.tiff",NA,TRUE,330507
839,NA,"20230613_PdNpShon_EH_AFM_YS20230213A_Pos1_20230613_2.0x2.0+NCM Amplitude_Forward_008.tiff",NA,TRUE,330507
840,NA,"20230613_PdNpShon_EH_AFM_YS20230213A_Pos1_20230613_2.0x2.0+NCM Phase_Backward_003.tiff",NA,TRUE,330507
841,NA,"20230613_PdNpShon_EH_AFM_YS20230213A_Pos1_20230613_2.0x2.0+NCM Phase_Backward_004.tiff",NA,TRUE,330507
842,NA,"20230613_PdNpShon_EH_AFM_YS20230213A_Pos1_20230613_2.0x2.0+NCM Phase_Backward_005.tiff",NA,TRUE,330507
843,NA,"20230613_PdNpShon_EH_AFM_YS20230213A_Pos1_20230613_2.0x2.0+NCM Phase_Backward_006.tiff",NA,TRUE,330507
844,NA,"20230613_PdNpShon_EH_AFM_YS20230213A_Pos1_20230613_2.0x2.0+NCM Phase_Backward_007.tiff",NA,TRUE,330507
845,NA,"20230613_PdNpShon_EH_AFM_YS20230213A_Pos1_20230613_2.0x2.0+NCM Phase_Backward_008.tiff",NA,TRUE,330507
846,NA,"20230613_PdNpShon_EH_AFM_YS20230213A_Pos1_20230613_2.0x2.0+NCM Phase_Forward_003.tiff",NA,TRUE,330507
847,NA,"20230613_PdNpShon_EH_AFM_YS20230213A_Pos1_20230613_2.0x2.0+NCM Phase_Forward_004.tiff",NA,TRUE,330507
848,NA,"20230613_PdNpShon_EH_AFM_YS20230213A_Pos1_20230613_2.0x2.0+NCM Phase_Forward_005.tiff",NA,TRUE,330507
849,NA,"20230613_PdNpShon_EH_AFM_YS20230213A_Pos1_20230613_2.0x2.0+NCM Phase_Forward_006.tiff",NA,TRUE,330507
850,NA,"20230613_PdNpShon_EH_AFM_YS20230213A_Pos1_20230613_2.0x2.0+NCM Phase_Forward_007.tiff",NA,TRUE,330507
851,NA,"20230613_PdNpShon_EH_AFM_YS20230213A_Pos1_20230613_2.0x2.0+NCM Phase_Forward_008.tiff",NA,TRUE,330507
852,NA,"20230613_PdNpShon_EH_AFM_YS20230213A_Pos1_20230613_2.0x2.0+Topography_Backward_003.tiff",NA,TRUE,330507
853,NA,"20230613_PdNpShon_EH_AFM_YS20230213A_Pos1_20230613_2.0x2.0+Topography_Backward_004.tiff",NA,TRUE,330507
854,NA,"20230613_PdNpShon_EH_AFM_YS20230213A_Pos1_20230613_2.0x2.0+Topography_Backward_005.tiff",NA,TRUE,330507
855,NA,"20230613_PdNpShon_EH_AFM_YS20230213A_Pos1_20230613_2.0x2.0+Topography_Backward_006.tiff",NA,TRUE,330507
856,NA,"20230613_PdNpShon_EH_AFM_YS20230213A_Pos1_20230613_2.0x2.0+Topography_Backward_007.tiff",NA,TRUE,330507
857,NA,"20230613_PdNpShon_EH_AFM_YS20230213A_Pos1_20230613_2.0x2.0+Topography_Backward_008.tiff",NA,TRUE,330507
858,NA,"20230613_PdNpShon_EH_AFM_YS20230213A_Pos1_20230613_2.0x2.0+Topography_Forward_003.tiff",NA,TRUE,330507
859,NA,"20230613_PdNpShon_EH_AFM_YS20230213A_Pos1_20230613_2.0x2.0+Topography_Forward_004.tiff",NA,TRUE,330507
860,NA,"20230613_PdNpShon_EH_AFM_YS20230213A_Pos1_20230613_2.0x2.0+Topography_Forward_005.tiff",NA,TRUE,330507
861,NA,"20230613_PdNpShon_EH_AFM_YS20230213A_Pos1_20230613_2.0x2.0+Topography_Forward_006.tiff",NA,TRUE,330507
862,NA,"20230613_PdNpShon_EH_AFM_YS20230213A_Pos1_20230613_2.0x2.0+Topography_Forward_007.tiff",NA,TRUE,330507
863,NA,"20230613_PdNpShon_EH_AFM_YS20230213A_Pos1_20230613_2.0x2.0+Topography_Forward_008.tiff",NA,TRUE,330507
864,NA,"20230613_PdNpShon_EH_AFM_YS20230213A_Pos1_20230613_2.0x2.0+Z Height_Forward_003.tiff",NA,TRUE,330507
865,NA,"20230613_PdNpShon_EH_AFM_YS20230213A_Pos1_20230613_2.0x2.0+Z Height_Forward_004.tiff",NA,TRUE,330507
866,NA,"20230613_PdNpShon_EH_AFM_YS20230213A_Pos1_20230613_2.0x2.0+Z Height_Forward_005.tiff",NA,TRUE,330507
867,NA,"20230613_PdNpShon_EH_AFM_YS20230213A_Pos1_20230613_2.0x2.0+Z Height_Forward_006.tiff",NA,TRUE,330507
868,NA,"20230613_PdNpShon_EH_AFM_YS20230213A_Pos1_20230613_2.0x2.0+Z Height_Forward_007.tiff",NA,TRUE,330507
869,NA,"20230613_PdNpShon_EH_AFM_YS20230213A_Pos1_20230613_2.0x2.0+Z Height_Forward_008.tiff",NA,TRUE,330507
870,NA,"20230613_PdNpShon_EH_AFM_YS20230213A_Pos1_20230613_5.0x5.0+Error Signal_Backward_001.tiff",NA,TRUE,133899
871,NA,"20230613_PdNpShon_EH_AFM_YS20230213A_Pos1_20230613_5.0x5.0+Error Signal_Backward_002.tiff",NA,TRUE,133899
872,NA,"20230613_PdNpShon_EH_AFM_YS20230213A_Pos1_20230613_5.0x5.0+Error Signal_Forward_001.tiff",NA,TRUE,133899
873,NA,"20230613_PdNpShon_EH_AFM_YS20230213A_Pos1_20230613_5.0x5.0+Error Signal_Forward_002.tiff",NA,TRUE,133899
874,NA,"20230613_PdNpShon_EH_AFM_YS20230213A_Pos1_20230613_5.0x5.0+NCM Amplitude_Backward_001.tiff",NA,TRUE,133899
875,NA,"20230613_PdNpShon_EH_AFM_YS20230213A_Pos1_20230613_5.0x5.0+NCM Amplitude_Backward_002.tiff",NA,TRUE,133899
876,NA,"20230613_PdNpShon_EH_AFM_YS20230213A_Pos1_20230613_5.0x5.0+NCM Amplitude_Forward_001.tiff",NA,TRUE,133899
877,NA,"20230613_PdNpShon_EH_AFM_YS20230213A_Pos1_20230613_5.0x5.0+NCM Amplitude_Forward_002.tiff",NA,TRUE,133899
878,NA,"20230613_PdNpShon_EH_AFM_YS20230213A_Pos1_20230613_5.0x5.0+NCM Phase_Backward_001.tiff",NA,TRUE,133899
879,NA,"20230613_PdNpShon_EH_AFM_YS20230213A_Pos1_20230613_5.0x5.0+NCM Phase_Backward_002.tiff",NA,TRUE,133899
880,NA,"20230613_PdNpShon_EH_AFM_YS20230213A_Pos1_20230613_5.0x5.0+NCM Phase_Forward_001.tiff",NA,TRUE,133899
881,NA,"20230613_PdNpShon_EH_AFM_YS20230213A_Pos1_20230613_5.0x5.0+NCM Phase_Forward_002.tiff",NA,TRUE,133899
882,NA,"20230613_PdNpShon_EH_AFM_YS20230213A_Pos1_20230613_5.0x5.0+Topography_Forward_001.tiff",NA,TRUE,133899
883,NA,"20230613_PdNpShon_EH_AFM_YS20230213A_Pos1_20230613_5.0x5.0+Topography_Backward_002.tiff",NA,TRUE,133899
884,NA,"20230613_PdNpShon_EH_AFM_YS20230213A_Pos1_20230613_5.0x5.0+Topography_Forward_002.tiff",NA,TRUE,133899
885,NA,"20230613_PdNpShon_EH_AFM_YS20230213A_Pos1_20230613_5.0x5.0+Z Height_Forward_001.tiff",NA,TRUE,133899
886,NA,"20230613_PdNpShon_EH_AFM_YS20230213A_Pos1_20230613_5.0x5.0+Z Height_Forward_002.tiff",NA,TRUE,133899
887,NA,"20230613_PdNPShon_EH_AFM_YS20230213A_Pos1.png",NA,TRUE,1622944
888,NA,"20230613_PdNpShon_EH_AFM_YS20230213A_Pos2_20230613_1.0x1.0+Error Signal_Backward_007.tiff",NA,TRUE,330507
889,NA,"20230613_PdNpShon_EH_AFM_YS20230213A_Pos2_20230613_1.0x1.0+Error Signal_Backward_008.tiff",NA,TRUE,330507
890,NA,"20230613_PdNpShon_EH_AFM_YS20230213A_Pos2_20230613_1.0x1.0+Error Signal_Backward_009.tiff",NA,TRUE,1116939
891,NA,"20230613_PdNpShon_EH_AFM_YS20230213A_Pos2_20230613_1.0x1.0+Error Signal_Forward_007.tiff",NA,TRUE,330507
892,NA,"20230613_PdNpShon_EH_AFM_YS20230213A_Pos2_20230613_1.0x1.0+Error Signal_Forward_008.tiff",NA,TRUE,330507
893,NA,"20230613_PdNpShon_EH_AFM_YS20230213A_Pos2_20230613_1.0x1.0+Error Signal_Forward_009.tiff",NA,TRUE,1116939
894,NA,"20230613_PdNpShon_EH_AFM_YS20230213A_Pos2_20230613_1.0x1.0+NCM Amplitude_Backward_007.tiff",NA,TRUE,330507
895,NA,"20230613_PdNpShon_EH_AFM_YS20230213A_Pos2_20230613_1.0x1.0+NCM Amplitude_Backward_008.tiff",NA,TRUE,330507
896,NA,"20230613_PdNpShon_EH_AFM_YS20230213A_Pos2_20230613_1.0x1.0+NCM Amplitude_Backward_009.tiff",NA,TRUE,1116939
897,NA,"20230613_PdNpShon_EH_AFM_YS20230213A_Pos2_20230613_1.0x1.0+NCM Amplitude_Forward_007.tiff",NA,TRUE,330507
898,NA,"20230613_PdNpShon_EH_AFM_YS20230213A_Pos2_20230613_1.0x1.0+NCM Amplitude_Forward_008.tiff",NA,TRUE,330507
899,NA,"20230613_PdNpShon_EH_AFM_YS20230213A_Pos2_20230613_1.0x1.0+NCM Amplitude_Forward_009.tiff",NA,TRUE,1116939
900,NA,"20230613_PdNpShon_EH_AFM_YS20230213A_Pos2_20230613_1.0x1.0+NCM Phase_Backward_007.tiff",NA,TRUE,330507
901,NA,"20230613_PdNpShon_EH_AFM_YS20230213A_Pos2_20230613_1.0x1.0+NCM Phase_Backward_008.tiff",NA,TRUE,330507
902,NA,"20230613_PdNpShon_EH_AFM_YS20230213A_Pos2_20230613_1.0x1.0+NCM Phase_Backward_009.tiff",NA,TRUE,1116939
903,NA,"20230613_PdNpShon_EH_AFM_YS20230213A_Pos2_20230613_1.0x1.0+NCM Phase_Forward_007.tiff",NA,TRUE,330507
904,NA,"20230613_PdNpShon_EH_AFM_YS20230213A_Pos2_20230613_1.0x1.0+NCM Phase_Forward_008.tiff",NA,TRUE,330507
905,NA,"20230613_PdNpShon_EH_AFM_YS20230213A_Pos2_20230613_1.0x1.0+NCM Phase_Forward_009.tiff",NA,TRUE,1116939
906,NA,"20230613_PdNpShon_EH_AFM_YS20230213A_Pos2_20230613_1.0x1.0+Topography_Backward_007.tiff",NA,TRUE,330507
907,NA,"20230613_PdNpShon_EH_AFM_YS20230213A_Pos2_20230613_1.0x1.0+Topography_Backward_008.tiff",NA,TRUE,330507
908,NA,"20230613_PdNpShon_EH_AFM_YS20230213A_Pos2_20230613_1.0x1.0+Topography_Backward_009.tiff",NA,TRUE,1116939
909,NA,"20230613_PdNpShon_EH_AFM_YS20230213A_Pos2_20230613_1.0x1.0+Topography_Forward_007.tiff",NA,TRUE,330507
910,NA,"20230613_PdNpShon_EH_AFM_YS20230213A_Pos2_20230613_1.0x1.0+Topography_Forward_008.tiff",NA,TRUE,330507
911,NA,"20230613_PdNpShon_EH_AFM_YS20230213A_Pos2_20230613_1.0x1.0+Topography_Forward_009.tiff",NA,TRUE,1116939
912,NA,"20230613_PdNpShon_EH_AFM_YS20230213A_Pos2_20230613_1.0x1.0+Z Height_Backward_007.tiff",NA,TRUE,330507
913,NA,"20230613_PdNpShon_EH_AFM_YS20230213A_Pos2_20230613_1.0x1.0+Z Height_Forward_008.tiff",NA,TRUE,330507
914,NA,"20230613_PdNpShon_EH_AFM_YS20230213A_Pos2_20230613_1.0x1.0+Z Height_Forward_009.tiff",NA,TRUE,1116939
915,NA,"20230613_PdNpShon_EH_AFM_YS20230213A_Pos2_20230613_1.0x1.0+Z Height_Forward_007.tiff",NA,TRUE,330507
916,NA,"20230613_PdNpShon_EH_AFM_YS20230213A_Pos2_20230613_2.0x2.0+Error Signal_Backward_004.tiff",NA,TRUE,133899
917,NA,"20230613_PdNpShon_EH_AFM_YS20230213A_Pos2_20230613_2.0x2.0+Error Signal_Backward_005.tiff",NA,TRUE,133899
918,NA,"20230613_PdNpShon_EH_AFM_YS20230213A_Pos2_20230613_2.0x2.0+Error Signal_Backward_006.tiff",NA,TRUE,133899
919,NA,"20230613_PdNpShon_EH_AFM_YS20230213A_Pos2_20230613_2.0x2.0+Error Signal_Forward_004.tiff",NA,TRUE,133899
920,NA,"20230613_PdNpShon_EH_AFM_YS20230213A_Pos2_20230613_2.0x2.0+Error Signal_Forward_005.tiff",NA,TRUE,133899
921,NA,"20230613_PdNpShon_EH_AFM_YS20230213A_Pos2_20230613_2.0x2.0+Error Signal_Forward_006.tiff",NA,TRUE,133899
922,NA,"20230613_PdNpShon_EH_AFM_YS20230213A_Pos2_20230613_2.0x2.0+NCM Amplitude_Backward_004.tiff",NA,TRUE,133899
923,NA,"20230613_PdNpShon_EH_AFM_YS20230213A_Pos2_20230613_2.0x2.0+NCM Amplitude_Backward_005.tiff",NA,TRUE,133899
924,NA,"20230613_PdNpShon_EH_AFM_YS20230213A_Pos2_20230613_2.0x2.0+NCM Amplitude_Backward_006.tiff",NA,TRUE,133899
925,NA,"20230613_PdNpShon_EH_AFM_YS20230213A_Pos2_20230613_2.0x2.0+NCM Amplitude_Forward_004.tiff",NA,TRUE,133899
926,NA,"20230613_PdNpShon_EH_AFM_YS20230213A_Pos2_20230613_2.0x2.0+NCM Amplitude_Forward_005.tiff",NA,TRUE,133899
927,NA,"20230613_PdNpShon_EH_AFM_YS20230213A_Pos2_20230613_2.0x2.0+NCM Amplitude_Forward_006.tiff",NA,TRUE,133899
928,NA,"20230613_PdNpShon_EH_AFM_YS20230213A_Pos2_20230613_2.0x2.0+NCM Phase_Backward_004.tiff",NA,TRUE,133899
929,NA,"20230613_PdNpShon_EH_AFM_YS20230213A_Pos2_20230613_2.0x2.0+NCM Phase_Backward_005.tiff",NA,TRUE,133899
930,NA,"20230613_PdNpShon_EH_AFM_YS20230213A_Pos2_20230613_2.0x2.0+NCM Phase_Backward_006.tiff",NA,TRUE,133899
931,NA,"20230613_PdNpShon_EH_AFM_YS20230213A_Pos2_20230613_2.0x2.0+NCM Phase_Forward_004.tiff",NA,TRUE,133899
932,NA,"20230613_PdNpShon_EH_AFM_YS20230213A_Pos2_20230613_2.0x2.0+NCM Phase_Forward_005.tiff",NA,TRUE,133899
933,NA,"20230613_PdNpShon_EH_AFM_YS20230213A_Pos2_20230613_2.0x2.0+NCM Phase_Forward_006.tiff",NA,TRUE,133899
934,NA,"20230613_PdNpShon_EH_AFM_YS20230213A_Pos2_20230613_2.0x2.0+Topography_Backward_004.tiff",NA,TRUE,133899
935,NA,"20230613_PdNpShon_EH_AFM_YS20230213A_Pos2_20230613_2.0x2.0+Topography_Backward_005.tiff",NA,TRUE,133899
936,NA,"20230613_PdNpShon_EH_AFM_YS20230213A_Pos2_20230613_2.0x2.0+Topography_Backward_006.tiff",NA,TRUE,133899
937,NA,"20230613_PdNpShon_EH_AFM_YS20230213A_Pos2_20230613_2.0x2.0+Topography_Forward_004.tiff",NA,TRUE,133899
938,NA,"20230613_PdNpShon_EH_AFM_YS20230213A_Pos2_20230613_2.0x2.0+Topography_Forward_005.tiff",NA,TRUE,133899
939,NA,"20230613_PdNpShon_EH_AFM_YS20230213A_Pos2_20230613_2.0x2.0+Topography_Forward_006.tiff",NA,TRUE,133899
940,NA,"20230613_PdNpShon_EH_AFM_YS20230213A_Pos2_20230613_2.0x2.0+Z Height_Forward_004.tiff",NA,TRUE,133899
941,NA,"20230613_PdNpShon_EH_AFM_YS20230213A_Pos2_20230613_2.0x2.0+Z Height_Forward_005.tiff",NA,TRUE,133899
942,NA,"20230613_PdNpShon_EH_AFM_YS20230213A_Pos2_20230613_2.0x2.0+Z Height_Forward_006.tiff",NA,TRUE,133899
943,NA,"20230613_PdNpShon_EH_AFM_YS20230213A_Pos2_20230613_5.0x5.0+Error Signal_Backward_001.tiff",NA,TRUE,133899
944,NA,"20230613_PdNpShon_EH_AFM_YS20230213A_Pos2_20230613_5.0x5.0+Error Signal_Backward_002.tiff",NA,TRUE,133899
945,NA,"20230613_PdNpShon_EH_AFM_YS20230213A_Pos2_20230613_5.0x5.0+Error Signal_Backward_003.tiff",NA,TRUE,133899
946,NA,"20230613_PdNpShon_EH_AFM_YS20230213A_Pos2_20230613_5.0x5.0+Error Signal_Forward_001.tiff",NA,TRUE,133899
947,NA,"20230613_PdNpShon_EH_AFM_YS20230213A_Pos2_20230613_5.0x5.0+Error Signal_Forward_002.tiff",NA,TRUE,133899
948,NA,"20230613_PdNpShon_EH_AFM_YS20230213A_Pos2_20230613_5.0x5.0+Error Signal_Forward_003.tiff",NA,TRUE,133899
949,NA,"20230613_PdNpShon_EH_AFM_YS20230213A_Pos2_20230613_5.0x5.0+NCM Amplitude_Backward_001.tiff",NA,TRUE,133899
950,NA,"20230613_PdNpShon_EH_AFM_YS20230213A_Pos2_20230613_5.0x5.0+NCM Amplitude_Backward_002.tiff",NA,TRUE,133899
951,NA,"20230613_PdNpShon_EH_AFM_YS20230213A_Pos2_20230613_5.0x5.0+NCM Amplitude_Backward_003.tiff",NA,TRUE,133899
952,NA,"20230613_PdNpShon_EH_AFM_YS20230213A_Pos2_20230613_5.0x5.0+NCM Amplitude_Forward_001.tiff",NA,TRUE,133899
953,NA,"20230613_PdNpShon_EH_AFM_YS20230213A_Pos2_20230613_5.0x5.0+NCM Amplitude_Forward_002.tiff",NA,TRUE,133899
954,NA,"20230613_PdNpShon_EH_AFM_YS20230213A_Pos2_20230613_5.0x5.0+NCM Amplitude_Forward_003.tiff",NA,TRUE,133899
955,NA,"20230613_PdNpShon_EH_AFM_YS20230213A_Pos2_20230613_5.0x5.0+NCM Phase_Backward_001.tiff",NA,TRUE,133899
956,NA,"20230613_PdNpShon_EH_AFM_YS20230213A_Pos2_20230613_5.0x5.0+NCM Phase_Backward_002.tiff",NA,TRUE,133899
957,NA,"20230613_PdNpShon_EH_AFM_YS20230213A_Pos2_20230613_5.0x5.0+NCM Phase_Backward_003.tiff",NA,TRUE,133899
958,NA,"20230613_PdNpShon_EH_AFM_YS20230213A_Pos2_20230613_5.0x5.0+NCM Phase_Forward_001.tiff",NA,TRUE,133899
959,NA,"20230613_PdNpShon_EH_AFM_YS20230213A_Pos2_20230613_5.0x5.0+NCM Phase_Forward_002.tiff",NA,TRUE,133899
960,NA,"20230613_PdNpShon_EH_AFM_YS20230213A_Pos2_20230613_5.0x5.0+NCM Phase_Forward_003.tiff",NA,TRUE,133899
961,NA,"20230613_PdNpShon_EH_AFM_YS20230213A_Pos2_20230613_5.0x5.0+Topography_Forward_001.tiff",NA,TRUE,133899
962,NA,"20230613_PdNpShon_EH_AFM_YS20230213A_Pos2_20230613_5.0x5.0+Topography_Backward_002.tiff",NA,TRUE,133899
963,NA,"20230613_PdNpShon_EH_AFM_YS20230213A_Pos2_20230613_5.0x5.0+Topography_Backward_003.tiff",NA,TRUE,133899
964,NA,"20230613_PdNpShon_EH_AFM_YS20230213A_Pos2_20230613_5.0x5.0+Topography_Forward_002.tiff",NA,TRUE,133899
965,NA,"20230613_PdNpShon_EH_AFM_YS20230213A_Pos2_20230613_5.0x5.0+Topography_Forward_003.tiff",NA,TRUE,133899
966,NA,"20230613_PdNpShon_EH_AFM_YS20230213A_Pos2_20230613_5.0x5.0+Z Height_Forward_001.tiff",NA,TRUE,133899
967,NA,"20230613_PdNpShon_EH_AFM_YS20230213A_Pos2_20230613_5.0x5.0+Z Height_Forward_002.tiff",NA,TRUE,133899
968,NA,"20230613_PdNpShon_EH_AFM_YS20230213A_Pos2_20230613_5.0x5.0+Z Height_Forward_003.tiff",NA,TRUE,133899
969,NA,"20230613_PdNPShon_EH_AFM_YS20230213A_Pos2.png",NA,TRUE,1634569
970,NA,"20230615_CuPc_TF32_ChamberPressurePerStage.bmp",NA,TRUE,43567
971,NA,"20230615_CuPc_TF32_ChamberPressure.bmp",NA,TRUE,34003
972,NA,"CDep_RS3_Radak_EH_CuPC_NoHeatV3_20230911_185819_details.json",NA,TRUE,9074
973,NA,"CDep_RS3_Radak_EH_CuPC_AT_NoHeat_20230615_104243.csv",NA,TRUE,2097243
974,NA,"S3_Radak_EH_CuPC_AT_NoHeat_Complete_20230615_112108.xml",NA,TRUE,14639
975,NA,"S3_Radak_EH_CuPC_AT_NoHeat_Original_20230615_104243.xml",NA,TRUE,14605
976,NA,"S3_Radak_EH_CuPC_AT_NoHeat_Status_20230615_112108.xml",NA,TRUE,36108
977,NA,"CDep_RS3_Radak_EH_CuPC_NoHeatBakeOutOnly_20230824_112237.csv",NA,TRUE,79316980
978,NA,"S3_Radak_EH_CuPC_NoHeatBakeOutOnly_Original_20230824_112237.xml",NA,TRUE,11798
979,NA,"S3_Radak_EH_CuPC_NoHeatBakeOutOnly_Status_20230825_140134.xml",NA,TRUE,17891
980,NA,"CDep_RS3_Radak_EH_CuPC_NoHeatDepositionOnly_20230825_140149.csv",NA,TRUE,4487984
981,NA,"S3_Radak_EH_CuPC_NoHeatDepositionOnly_Complete_20230825_152023.xml",NA,TRUE,12194
982,NA,"S3_Radak_EH_CuPC_NoHeatDepositionOnly_Original_20230825_140149.xml",NA,TRUE,12193
983,NA,"S3_Radak_EH_CuPC_NoHeatDepositionOnly_Status_20230825_152023.xml",NA,TRUE,25645
984,NA,"20230714_CuPc_ChamberPressure.bmp",NA,TRUE,25515
985,NA,"20230714_CuPc_ChamberPressurePerStage.bmp",NA,TRUE,28337
986,NA,"20230714_CuPc_ChamberPressurePerStage.jpg",NA,TRUE,251504
987,NA,"CDep_RS3_Radak_EH_CuPC_NoHeatV2_20230714_170038.csv",NA,TRUE,179981128
988,NA,"S3_Radak_EH_CuPC_NoHeatV2_Original_20230714_170038.xml",NA,TRUE,16155
989,NA,"S3_Radak_EH_CuPC_NoHeatV2_Status_20230717_130623.xml",NA,TRUE,32985
990,NA,"20230728_CuPc_ChamberPressureFullProcess.bmp",NA,TRUE,26567
991,NA,"20230728_CuPc_ChamberPressurePerStage.bmp",NA,TRUE,30058
992,NA,"CDep_RS3_Radak_EH_CuPC_NoHeatV2_20230728_160311.csv",NA,TRUE,57410769
993,NA,"S3_Radak_EH_CuPC_NoHeatV2_Original_20230728_160311.xml",NA,TRUE,16155
994,NA,"S3_Radak_EH_CuPC_NoHeatV2_Status_20230729_101859.xml",NA,TRUE,32989
995,NA,"CDep_RS3_Radak_EH_CuPC_NoHeatV3_20230810_192021.csv",NA,TRUE,28529099
996,NA,"S3_Radak_EH_CuPC_NoHeatV3_Original_20230810_192021.xml",NA,TRUE,17587
997,NA,"20230816_CuPc_ChamberPressure.bmp",NA,TRUE,36650
998,NA,"20230816_CuPc_ChamberPressurePerPhase.bmp",NA,TRUE,38433
999,NA,"CDep_RS3_Radak_EH_CuPC_NoHeatV3_20230816_130529.csv",NA,TRUE,64053667
1000,NA,"S3_Radak_EH_CuPC_NoHeatV3_Original_20230816_130529.xml",NA,TRUE,17587
1001,NA,"S3_Radak_EH_CuPC_NoHeatV3_Status_20230817_105526.xml",NA,TRUE,34827
1002,NA,"20230905_CuPc_ChamberPressure.bmp",NA,TRUE,57288
1003,NA,"20230905_CuPc_ChamberPressurePerPhase.bmp",NA,TRUE,58187
1004,NA,"CDep_RS3_Radak_EH_CuPC_NoHeatV3_20230905_115344.csv",NA,TRUE,70140987
1005,NA,"S3_Radak_EH_CuPC_NoHeatV3_Original_20230905_115344.xml",NA,TRUE,17587
1006,NA,"S3_Radak_EH_CuPC_NoHeatV3_Status_20230906_112141.xml",NA,TRUE,34819
1007,NA,"CDep_RS3_Radak_EH_CuPC_NoHeatV3_20230911_145434.csv",NA,TRUE,102760
1008,NA,"S3_Radak_EH_CuPC_NoHeatV3_Original_20230911_145434.xml",NA,TRUE,17587
1009,NA,"S3_Radak_EH_CuPC_NoHeatV3_Status_20230911_145634.xml",NA,TRUE,33942
1010,NA,"20230911_CuPc_ChamberPressure.bmp",NA,TRUE,42363
1011,NA,"20230911_CuPc_ChamberPressurePerPhase.bmp",NA,TRUE,44329
1012,NA,"CDep_RS3_Radak_EH_CuPC_NoHeatV3_20230911_185819.csv",NA,TRUE,45728596
1013,NA,"S3_Radak_EH_CuPC_NoHeatV3_Original_20230911_185819.xml",NA,TRUE,17587
1014,NA,"S3_Radak_EH_CuPC_NoHeatV3_Status_20230912_101435.xml",NA,TRUE,34824
1015,NA,"20230615_CuPcNoHeat_EH_XRD_EH20230615Center1_Reflectivity_01.asc",NA,TRUE,6704
1016,NA,"20230615_CuPcNoHeat_EH_XRD_EH20230615Center1_Reflectivity_01.ras",NA,TRUE,51021
1017,NA,"20230615_CuPcNoHeat_EH_XRD_EH20230615Center1_Reflectivity_01.rasx",NA,TRUE,8938
1018,NA,"20230615_CuPcNoHeat_EH_XRD_EH20230615Center1_Reflectivity_01.txt",NA,TRUE,43891
1019,NA,"20230616_CuPcNoHeat_EH_XRD_EH20230615Center1_General_01.asc",NA,TRUE,13048
1020,NA,"20230616_CuPcNoHeat_EH_XRD_EH20230615Center1_General_01.ras",NA,TRUE,77340
1021,NA,"20230616_CuPcNoHeat_EH_XRD_EH20230615Center1_General_01.rasx",NA,TRUE,13452
1022,NA,"20230616_CuPcNoHeat_EH_XRD_EH20230615Center1_General_01.txt",NA,TRUE,63167
1023,NA,"(1) FlowFailedtoLoad.png",NA,TRUE,9701
1024,NA,"(2) FlowEditorCannotRun.png",NA,TRUE,8861
1025,NA,"(3) NewFlowUnabletobeCreated.png",NA,TRUE,81050
1026,NA,"(4) CurrentOpenTasks.png",NA,TRUE,37483
1027,NA,"20230627_CuPcNoHeat_EH_XRD_EH20230615Center2_General_01.asc",NA,TRUE,10618
1028,NA,"20230627_CuPcNoHeat_EH_XRD_EH20230615Center2_General_01.ras",NA,TRUE,64923
1029,NA,"20230627_CuPcNoHeat_EH_XRD_EH20230615Center2_General_01.rasx",NA,TRUE,11527
1030,NA,"20230627_CuPcNoHeat_EH_XRD_EH20230615Center2_General_01.txt",NA,TRUE,54247
1031,NA,"20230627_CuPcNoHeat_EH_XRD_EH20230615Center2_Reflectivity_01.asc",NA,TRUE,6826
1032,NA,"20230627_CuPcNoHeat_EH_XRD_EH20230615Center2_Reflectivity_01.ras",NA,TRUE,51109
1033,NA,"20230627_CuPcNoHeat_EH_XRD_EH20230615Center2_Reflectivity_01.rasx",NA,TRUE,9000
1034,NA,"20230627_CuPcNoHeat_EH_XRD_EH20230615Center2_Reflectivity_01.txt",NA,TRUE,43972
1035,NA,"20230627_CuPcNoHeat_EH_XRD_EH20230615Edge1_General_01.asc",NA,TRUE,10613
1036,NA,"20230627_CuPcNoHeat_EH_XRD_EH20230615Edge1_General_01.ras",NA,TRUE,64914
1037,NA,"20230627_CuPcNoHeat_EH_XRD_EH20230615Edge1_General_01.rasx",NA,TRUE,11581
1038,NA,"20230627_CuPcNoHeat_EH_XRD_EH20230615Edge1_General_01.txt",NA,TRUE,54263
1039,NA,"20230627_CuPcNoHeat_EH_XRD_EH20230615Edge1_Reflectivity_01.asc",NA,TRUE,6806
1040,NA,"20230627_CuPcNoHeat_EH_XRD_EH20230615Edge1_Reflectivity_01.ras",NA,TRUE,51129
1041,NA,"20230627_CuPcNoHeat_EH_XRD_EH20230615Edge1_Reflectivity_01.rasx",NA,TRUE,9059
1042,NA,"20230627_CuPcNoHeat_EH_XRD_EH20230615Edge1_Reflectivity_01.txt",NA,TRUE,43971
1043,NA,"20230724_CalibrationCurve_EH_XRD_EH20230615SiE2_General_01.asc",NA,TRUE,10768
1044,NA,"20230724_CalibrationCurve_EH_XRD_EH20230615SiE2_General_01.ras",NA,TRUE,65074
1045,NA,"20230724_CalibrationCurve_EH_XRD_EH20230615SiE2_General_01.rasx",NA,TRUE,11717
1046,NA,"20230724_CalibrationCurve_EH_XRD_EH20230615SiE2_Reflectivity_01.asc",NA,TRUE,6825
1047,NA,"20230724_CalibrationCurve_EH_XRD_EH20230615SiE2_Reflectivity_01.ras",NA,TRUE,51163
1048,NA,"20230724_CalibrationCurve_EH_XRD_EH20230615SiE2_Reflectivity_01.rasx",NA,TRUE,9041
1049,NA,"20230725_CalibrationCurve_EH_XRD_EH20230615Si01CuPc_General_01.asc",NA,TRUE,10654
1050,NA,"20230725_CalibrationCurve_EH_XRD_EH20230615Si01CuPc_General_01.ras",NA,TRUE,64950
1051,NA,"20230725_CalibrationCurve_EH_XRD_EH20230615Si01CuPc_General_01.rasx",NA,TRUE,11637
1052,NA,"20230725_CalibrationCurve_EH_XRD_EH20230615Si02CuPc_General_01.asc",NA,TRUE,10535
1053,NA,"20230725_CalibrationCurve_EH_XRD_EH20230615Si02CuPc_General_01.ras",NA,TRUE,64822
1054,NA,"20230725_CalibrationCurve_EH_XRD_EH20230615Si02CuPc_General_01.rasx",NA,TRUE,11596
1055,NA,"20230725_CalibrationCurve_EH_XRD_EH20230615Si03CuPc_General_01.asc",NA,TRUE,10656
1056,NA,"20230725_CalibrationCurve_EH_XRD_EH20230615Si03CuPc_General_01.ras",NA,TRUE,64931
1057,NA,"20230725_CalibrationCurve_EH_XRD_EH20230615Si03CuPc_General_01.rasx",NA,TRUE,11545
1058,NA,"20230725_CalibrationCurve_EH_XRD_EH20230615SiO4CuPc_General_01.asc",NA,TRUE,10606
1059,NA,"20230725_CalibrationCurve_EH_XRD_EH20230615SiO4CuPc_General_01.ras",NA,TRUE,64862
1060,NA,"20230725_CalibrationCurve_EH_XRD_EH20230615SiO4CuPc_General_01.rasx",NA,TRUE,11577
1061,NA,"20230725_CalibrationCurve_EH_XRR_EH20230615Si01CuPc_Reflectivity_01.asc",NA,TRUE,6830
1062,NA,"20230725_CalibrationCurve_EH_XRR_EH20230615Si01CuPc_Reflectivity_01.ras",NA,TRUE,51163
1063,NA,"20230725_CalibrationCurve_EH_XRR_EH20230615Si01CuPc_Reflectivity_01.rasx",NA,TRUE,9028
1064,NA,"20230725_CalibrationCurve_EH_XRR_EH20230615Si02CuPc_Reflectivity_01.asc",NA,TRUE,6756
1065,NA,"20230725_CalibrationCurve_EH_XRR_EH20230615Si02CuPc_Reflectivity_01.ras",NA,TRUE,51058
1066,NA,"20230725_CalibrationCurve_EH_XRR_EH20230615Si02CuPc_Reflectivity_01.rasx",NA,TRUE,8986
1067,NA,"20230725_CalibrationCurve_EH_XRR_EH20230615Si03CuPc_Reflectivity_01.asc",NA,TRUE,6837
1068,NA,"20230725_CalibrationCurve_EH_XRR_EH20230615Si03CuPc_Reflectivity_01.ras",NA,TRUE,51110
1069,NA,"20230725_CalibrationCurve_EH_XRR_EH20230615Si03CuPc_Reflectivity_01.rasx",NA,TRUE,8958
1070,NA,"20230725_CalibrationCurve_EH_XRR_EH20230615Si04CuPc_Reflectivity_01.asc",NA,TRUE,6862
1071,NA,"20230725_CalibrationCurve_EH_XRR_EH20230615Si04CuPc_Reflectivity_01.ras",NA,TRUE,51095
1072,NA,"20230725_CalibrationCurve_EH_XRR_EH20230615Si04CuPc_Reflectivity_01.rasx",NA,TRUE,8947
1073,NA,"20230726_CalibrationCurve_EH_XRD_EH20230615Si01NMPc_General_01.asc",NA,TRUE,10753
1074,NA,"20230726_CalibrationCurve_EH_XRD_EH20230615Si01NMPc_General_01.ras",NA,TRUE,64986
1075,NA,"20230726_CalibrationCurve_EH_XRD_EH20230615Si01NMPc_General_01.rasx",NA,TRUE,11825
1076,NA,"20230726_CalibrationCurve_EH_XRD_EH20230615Si02NMPc_General_01.asc",NA,TRUE,10734
1077,NA,"20230726_CalibrationCurve_EH_XRD_EH20230615Si02NMPc_General_01.ras",NA,TRUE,64947
1078,NA,"20230726_CalibrationCurve_EH_XRD_EH20230615Si02NMPc_General_01.rasx",NA,TRUE,11923
1079,NA,"20230726_CalibrationCurve_EH_XRD_EH20230615Si03NMPc_General_01.asc",NA,TRUE,10642
1080,NA,"20230726_CalibrationCurve_EH_XRD_EH20230615Si03NMPc_General_01.ras",NA,TRUE,64891
1081,NA,"20230726_CalibrationCurve_EH_XRD_EH20230615Si03NMPc_General_01.rasx",NA,TRUE,11834
1082,NA,"20230726_CalibrationCurve_EH_XRD_EH20230615Si04NMPc_General_01.asc",NA,TRUE,10677
1083,NA,"20230726_CalibrationCurve_EH_XRD_EH20230615Si04NMPc_General_01.ras",NA,TRUE,64940
1084,NA,"20230726_CalibrationCurve_EH_XRD_EH20230615Si04NMPc_General_01.rasx",NA,TRUE,11800
1085,NA,"20230726_CalibrationCurve_EH_XRR_EH20230615Si01NMPc_Reflectivity_01.asc",NA,TRUE,6899
1086,NA,"20230726_CalibrationCurve_EH_XRR_EH20230615Si01NMPc_Reflectivity_01.ras",NA,TRUE,51183
1087,NA,"20230726_CalibrationCurve_EH_XRR_EH20230615Si01NMPc_Reflectivity_01.rasx",NA,TRUE,9051
1088,NA,"20230726_CalibrationCurve_EH_XRR_EH20230615Si02NMPc_Reflectivity_01.asc",NA,TRUE,6964
1089,NA,"20230726_CalibrationCurve_EH_XRR_EH20230615Si02NMPc_Reflectivity_01.ras",NA,TRUE,51287
1090,NA,"20230726_CalibrationCurve_EH_XRR_EH20230615Si02NMPc_Reflectivity_01.rasx",NA,TRUE,9058
1091,NA,"20230726_CalibrationCurve_EH_XRR_EH20230615Si03NMPc_Reflectivity_01.asc",NA,TRUE,6918
1092,NA,"20230726_CalibrationCurve_EH_XRR_EH20230615Si03NMPc_Reflectivity_01.ras",NA,TRUE,51250
1093,NA,"20230726_CalibrationCurve_EH_XRR_EH20230615Si03NMPc_Reflectivity_01.rasx",NA,TRUE,9066
1094,NA,"20230726_CalibrationCurve_EH_XRR_EH20230615Si04NMPc_Reflectivity_01.asc",NA,TRUE,6887
1095,NA,"20230726_CalibrationCurve_EH_XRR_EH20230615Si04NMPc_Reflectivity_01.ras",NA,TRUE,51174
1096,NA,"20230726_CalibrationCurve_EH_XRR_EH20230615Si04NMPc_Reflectivity_01.rasx",NA,TRUE,9099
1097,NA,"20230727_CalibrationCurve_EH_XRD_EH20230717Si01CuPc_General_01.asc",NA,TRUE,10696
1098,NA,"20230727_CalibrationCurve_EH_XRD_EH20230717Si01CuPc_General_01.ras",NA,TRUE,64998
1099,NA,"20230727_CalibrationCurve_EH_XRD_EH20230717Si01CuPc_General_01.rasx",NA,TRUE,11637
1100,NA,"20230727_CalibrationCurve_EH_XRD_EH20230717Si02CuPc_General_01.asc",NA,TRUE,10704
1101,NA,"20230727_CalibrationCurve_EH_XRD_EH20230717Si02CuPc_General_01.ras",NA,TRUE,65008
1102,NA,"20230727_CalibrationCurve_EH_XRD_EH20230717Si02CuPc_General_01.rasx",NA,TRUE,11614
1103,NA,"20230727_CalibrationCurve_EH_XRD_EH20230717Si03CuPc_General_01.asc",NA,TRUE,10684
1104,NA,"20230727_CalibrationCurve_EH_XRD_EH20230717Si03CuPc_General_01.ras",NA,TRUE,64992
1105,NA,"20230727_CalibrationCurve_EH_XRD_EH20230717Si03CuPc_General_01.rasx",NA,TRUE,11602
1106,NA,"20230727_CalibrationCurve_EH_XRD_EH20230717Si04CuPc_General_01.asc",NA,TRUE,10718
1107,NA,"20230727_CalibrationCurve_EH_XRD_EH20230717Si04CuPc_General_01.ras",NA,TRUE,65020
1108,NA,"20230727_CalibrationCurve_EH_XRD_EH20230717Si04CuPc_General_01.rasx",NA,TRUE,11622
1109,NA,"20230727_CalibrationCurve_EH_XRR_EH20230717Si01CuPc_Reflectivity_01.asc",NA,TRUE,6857
1110,NA,"20230727_CalibrationCurve_EH_XRR_EH20230717Si01CuPc_Reflectivity_01.ras",NA,TRUE,51147
1111,NA,"20230727_CalibrationCurve_EH_XRR_EH20230717Si01CuPc_Reflectivity_01.rasx",NA,TRUE,9042
1112,NA,"20230727_CalibrationCurve_EH_XRR_EH20230717Si02CuPc_Reflectivity_01.asc",NA,TRUE,6947
1113,NA,"20230727_CalibrationCurve_EH_XRR_EH20230717Si02CuPc_Reflectivity_01.ras",NA,TRUE,51220
1114,NA,"20230727_CalibrationCurve_EH_XRR_EH20230717Si02CuPc_Reflectivity_01.rasx",NA,TRUE,9062
1115,NA,"20230727_CalibrationCurve_EH_XRR_EH20230717Si03CuPc_Reflectivity_01.asc",NA,TRUE,6924
1116,NA,"20230727_CalibrationCurve_EH_XRR_EH20230717Si03CuPc_Reflectivity_01.ras",NA,TRUE,51191
1117,NA,"20230727_CalibrationCurve_EH_XRR_EH20230717Si03CuPc_Reflectivity_01.rasx",NA,TRUE,9057
1118,NA,"20230727_CalibrationCurve_EH_XRR_EH20230717Si04CuPc_Reflectivity_01.asc",NA,TRUE,7005
1119,NA,"20230727_CalibrationCurve_EH_XRR_EH20230717Si04CuPc_Reflectivity_01.ras",NA,TRUE,51280
1120,NA,"20230727_CalibrationCurve_EH_XRR_EH20230717Si04CuPc_Reflectivity_01.rasx",NA,TRUE,9088
1121,NA,"20230728_TOSU_EH_XRD_EH20230213Si01CuPc_General_01.asc",NA,TRUE,10710
1122,NA,"20230728_TOSU_EH_XRD_EH20230213Si01CuPc_General_01.ras",NA,TRUE,64974
1123,NA,"20230728_TOSU_EH_XRD_EH20230213Si01CuPc_General_01.rasx",NA,TRUE,11758
1124,NA,"20230728_TOSU_EH_XRD_EH20230220Si01CuPc_General_01.asc",NA,TRUE,10535
1125,NA,"20230728_TOSU_EH_XRD_EH20230220Si01CuPc_General_01.ras",NA,TRUE,64828
1126,NA,"20230728_TOSU_EH_XRD_EH20230220Si01CuPc_General_01.rasx",NA,TRUE,11628
1127,NA,"20230728_TOSU_EH_XRR_EH20230213Si01CuPc_Reflectivity_01.asc",NA,TRUE,6863
1128,NA,"20230728_TOSU_EH_XRR_EH20230213Si01CuPc_Reflectivity_01.ras",NA,TRUE,51094
1129,NA,"20230728_TOSU_EH_XRR_EH20230213Si01CuPc_Reflectivity_01.rasx",NA,TRUE,8953
1130,NA,"20230728_TOSU_EH_XRR_EH20230220Si01CuPc_Reflectivity_01.asc",NA,TRUE,6859
1131,NA,"20230728_TOSU_EH_XRR_EH20230220Si01CuPc_Reflectivity_01.ras",NA,TRUE,51108
1132,NA,"20230728_TOSU_EH_XRR_EH20230220Si01CuPc_Reflectivity_01.rasx",NA,TRUE,9007
1133,NA,"20230729_CalibrationCurve_EH_XRD_EH20230729Si01CuPc_General_01.asc",NA,TRUE,10704
1134,NA,"20230729_CalibrationCurve_EH_XRD_EH20230729Si01CuPc_General_01.rasx",NA,TRUE,11716
1135,NA,"20230729_CalibrationCurve_EH_XRD_EH20230729Si02CuPc_General_01.asc",NA,TRUE,10715
1136,NA,"20230729_CalibrationCurve_EH_XRD_EH20230729Si02CuPc_General_01.rasx",NA,TRUE,11724
1137,NA,"20230729_CalibrationCurve_EH_XRD_EH20230729Si03CuPc_General_01.asc",NA,TRUE,10718
1138,NA,"20230729_CalibrationCurve_EH_XRD_EH20230729Si03CuPc_General_01.rasx",NA,TRUE,11681
1139,NA,"20230729_CalibrationCurve_EH_XRD_EH20230729Si04CuPc_General_01.asc",NA,TRUE,10313
1140,NA,"20230729_CalibrationCurve_EH_XRD_EH20230729Si04CuPc_General_01.rasx",NA,TRUE,11386
1141,NA,"20230729_CalibrationCurve_EH_XRR_EH20230729Si01CuPc_Reflectivity_01.asc",NA,TRUE,6945
1142,NA,"20230729_CalibrationCurve_EH_XRR_EH20230729Si01CuPc_Reflectivity_01.rasx",NA,TRUE,9065
1143,NA,"20230729_CalibrationCurve_EH_XRR_EH20230729Si02CuPc_Reflectivity_01.asc",NA,TRUE,6922
1144,NA,"20230729_CalibrationCurve_EH_XRR_EH20230729Si02CuPc_Reflectivity_01.rasx",NA,TRUE,9091
1145,NA,"20230729_CalibrationCurve_EH_XRR_EH20230729Si03CuPc_Reflectivity_01.asc",NA,TRUE,6934
1146,NA,"20230729_CalibrationCurve_EH_XRR_EH20230729Si03CuPc_Reflectivity_01.rasx",NA,TRUE,9102
1147,NA,"20230729_CalibrationCurve_EH_XRR_EH20230729Si04CuPc_Reflectivity_01.asc",NA,TRUE,5567
1148,NA,"20230729_CalibrationCurve_EH_XRR_EH20230729Si04CuPc_Reflectivity_01.rasx",NA,TRUE,7940
1149,NA,"20230729_TOSU_EH_XRD_EH20230213Si01_General_01.asc",NA,TRUE,10678
1150,NA,"20230729_TOSU_EH_XRD_EH20230213Si01_General_01.rasx",NA,TRUE,11694
1151,NA,"20230729_TOSU_EH_XRD_EH20230220Si01_General_01.asc",NA,TRUE,10530
1152,NA,"20230729_TOSU_EH_XRD_EH20230220Si01_General_01.rasx",NA,TRUE,11623
1153,NA,"20230729_TOSU_EH_XRR_EH20230213Si01_Reflectivity_01.asc",NA,TRUE,6815
1154,NA,"20230729_TOSU_EH_XRR_EH20230213Si01_Reflectivity_01.rasx",NA,TRUE,8973
1155,NA,"20230729_TOSU_EH_XRR_EH20230220Si01_Reflectivity_01.asc",NA,TRUE,6847
1156,NA,"20230729_TOSU_EH_XRR_EH20230220Si01_Reflectivity_01.rasx",NA,TRUE,9000
1157,NA,"20230818_CalibrationCurve_EH_XRD_EH20230817Si01CuPc_General_01.asc",NA,TRUE,9274
1158,NA,"20230818_CalibrationCurve_EH_XRD_EH20230817Si01CuPc_General_01.rasx",NA,TRUE,11083
1159,NA,"20230818_CalibrationCurve_EH_XRD_EH20230817Si02CuPc_General_01.asc",NA,TRUE,9223
1160,NA,"20230818_CalibrationCurve_EH_XRD_EH20230817Si02CuPc_General_01.rasx",NA,TRUE,11058
1161,NA,"20230818_CalibrationCurve_EH_XRR_EH20230818Si01CuPc_Reflectivity_01.asc",NA,TRUE,7246
1162,NA,"20230818_CalibrationCurve_EH_XRR_EH20230818Si01CuPc_Reflectivity_01.rasx",NA,TRUE,8461
1163,NA,"20230818_CalibrationCurve_EH_XRR_EH20230818Si02CuPc_Reflectivity_01.asc",NA,TRUE,7632
1164,NA,"20230818_CalibrationCurve_EH_XRR_EH20230818Si02CuPc_Reflectivity_01.rasx",NA,TRUE,8385
1165,NA,"20230824_CalibrationCurve_EH_XRD_EH20230817Si03CuPc_General_01.asc",NA,TRUE,10620
1166,NA,"20230824_CalibrationCurve_EH_XRD_EH20230817Si03CuPc_General_01.rasx",NA,TRUE,11849
1167,NA,"20230824_CalibrationCurve_EH_XRD_EH20230817Si04CuPc_General_01.asc",NA,TRUE,10642
1168,NA,"20230824_CalibrationCurve_EH_XRD_EH20230817Si04CuPc_General_01.rasx",NA,TRUE,11909
1169,NA,"20230824_CalibrationCurve_EH_XRR_EH20230818Si03CuPc_Reflectivity_01.asc",NA,TRUE,6829
1170,NA,"20230824_CalibrationCurve_EH_XRR_EH20230818Si03CuPc_Reflectivity_01.rasx",NA,TRUE,9042
1171,NA,"20230824_CalibrationCurve_EH_XRR_EH20230818Si04CuPc_Reflectivity_01.asc",NA,TRUE,6907
1172,NA,"20230824_CalibrationCurve_EH_XRR_EH20230818Si04CuPc_Reflectivity_01.rasx",NA,TRUE,9096
1173,NA,"20230830_TOSU_EH_XRD_EH20230825Si01CuPc_General_01.asc",NA,TRUE,10669
1174,NA,"20230830_TOSU_EH_XRD_EH20230825Si01CuPc_General_01.rasx",NA,TRUE,11791
1175,NA,"20230830_TOSU_EH_XRR_EH20230825Si01CuPc_Reflectivity_01.asc",NA,TRUE,6879
1176,NA,"20230830_TOSU_EH_XRR_EH20230825Si01CuPc_Reflectivity_01.rasx",NA,TRUE,8966
1177,NA,"20230831_CalibrationCurve_EH_XRD_EH20230817Si01CuPc_General_01.asc",NA,TRUE,10726
1178,NA,"20230831_CalibrationCurve_EH_XRD_EH20230817Si01CuPc_General_01.rasx",NA,TRUE,11867
1179,NA,"20230831_CalibrationCurve_EH_XRR_EH20230817Si01CuPc_Reflectivity_01.asc",NA,TRUE,6897
1180,NA,"20230831_CalibrationCurve_EH_XRR_EH20230817Si01CuPc_Reflectivity_01.rasx",NA,TRUE,8987
1181,NA,"20230901_CalibrationCurve_EH_XRD_EH20230817Si01CuPc_General_01.asc",NA,TRUE,10708
1182,NA,"20230901_CalibrationCurve_EH_XRD_EH20230817Si01CuPc_General_01.rasx",NA,TRUE,11727
1183,NA,"20230901_CalibrationCurve_EH_XRR_EH20230817Si01CuPc_Reflectivity_01.asc",NA,TRUE,6890
1184,NA,"20230901_CalibrationCurve_EH_XRR_EH20230817Si01CuPc_Reflectivity_01.rasx",NA,TRUE,8975
1185,NA,"20230904_CalibrationCurve_EH_XRD_EH20230817Si02CuPc_General_01.asc",NA,TRUE,10603
1186,NA,"20230904_CalibrationCurve_EH_XRD_EH20230817Si02CuPc_General_01.rasx",NA,TRUE,11782
1187,NA,"20230904_CalibrationCurve_EH_XRD_EH20230817Si03CuPc_General_01.asc",NA,TRUE,10679
1188,NA,"20230904_CalibrationCurve_EH_XRD_EH20230817Si03CuPc_General_01.rasx",NA,TRUE,11784
1189,NA,"20230904_CalibrationCurve_EH_XRD_EH20230817Si04CuPc_General_01.asc",NA,TRUE,10641
1190,NA,"20230904_CalibrationCurve_EH_XRD_EH20230817Si04CuPc_General_01.rasx",NA,TRUE,11733
1191,NA,"20230904_CalibrationCurve_EH_XRR_EH20230817Si02CuPc_Reflectivity_01.asc",NA,TRUE,6824
1192,NA,"20230904_CalibrationCurve_EH_XRR_EH20230817Si02CuPc_Reflectivity_01.rasx",NA,TRUE,8878
1193,NA,"20230904_CalibrationCurve_EH_XRR_EH20230817Si03CuPc_Reflectivity_01.asc",NA,TRUE,6832
1194,NA,"20230904_CalibrationCurve_EH_XRR_EH20230817Si03CuPc_Reflectivity_01.rasx",NA,TRUE,8964
1195,NA,"20230904_CalibrationCurve_EH_XRR_EH20230817Si04CuPc_Reflectivity_01.asc",NA,TRUE,6839
1196,NA,"20230904_CalibrationCurve_EH_XRR_EH20230817Si04CuPc_Reflectivity_01.rasx",NA,TRUE,8977
1197,NA,"20230906_CalibrationCurve_EH_XRD_EH20230906Si01CuPc_General_01.asc",NA,TRUE,10661
1198,NA,"20230906_CalibrationCurve_EH_XRD_EH20230906Si01CuPc_General_01.rasx",NA,TRUE,11771
1199,NA,"20230906_CalibrationCurve_EH_XRR_EH20230906Si01CuPc_Reflectivity_01.asc",NA,TRUE,7027
1200,NA,"20230906_CalibrationCurve_EH_XRR_EH20230906Si01CuPc_Reflectivity_01.rasx",NA,TRUE,9016
1201,NA,"20230907_CalibrationCurve_EH_XRD_EH20230906Si02CuPc_General_01.asc",NA,TRUE,10661
1202,NA,"20230907_CalibrationCurve_EH_XRD_EH20230906Si02CuPc_General_01.rasx",NA,TRUE,11764
1203,NA,"20230907_CalibrationCurve_EH_XRD_EH20230906Si03CuPc_General_01.asc",NA,TRUE,10689
1204,NA,"20230907_CalibrationCurve_EH_XRD_EH20230906Si03CuPc_General_01.rasx",NA,TRUE,11867
1205,NA,"20230907_CalibrationCurve_EH_XRR_EH20230906Si02CuPc_Reflectivity_01.asc",NA,TRUE,6941
1206,NA,"20230907_CalibrationCurve_EH_XRR_EH20230906Si02CuPc_Reflectivity_01.rasx",NA,TRUE,9031
1207,NA,"20230907_CalibrationCurve_EH_XRR_EH20230906Si03CuPc_Reflectivity_01.asc",NA,TRUE,6987
1208,NA,"20230907_CalibrationCurve_EH_XRR_EH20230906Si03CuPc_Reflectivity_01.rasx",NA,TRUE,9017
1209,NA,"20230908_CalibrationCurve_EH_XRD_EH20230906Si04CuPc_General_01.asc",NA,TRUE,10747
1210,NA,"20230908_CalibrationCurve_EH_XRD_EH20230906Si04CuPc_General_01.rasx",NA,TRUE,11821
1211,NA,"20230908_CalibrationCurve_EH_XRR_EH20230906Si04CuPc_Reflectivity_01.asc",NA,TRUE,7090
1212,NA,"20230908_CalibrationCurve_EH_XRR_EH20230906Si04CuPc_Reflectivity_01.rasx",NA,TRUE,9093
1213,NA,"20230912_CalibrationCurve_EH_XRD_EH20230912Si01CuPc_General_01.asc",NA,TRUE,10643
1214,NA,"20230912_CalibrationCurve_EH_XRD_EH20230912Si01CuPc_General_01.rasx",NA,TRUE,11703
1215,NA,"20230912_CalibrationCurve_EH_XRD_EH20230912Si02CuPc_General_01.asc",NA,TRUE,10662
1216,NA,"20230912_CalibrationCurve_EH_XRD_EH20230912Si02CuPc_General_01.rasx",NA,TRUE,11714
1217,NA,"20230912_CalibrationCurve_EH_XRD_EH20230912Si03CuPc_General_01.asc",NA,TRUE,10671
1218,NA,"20230912_CalibrationCurve_EH_XRD_EH20230912Si03CuPc_General_01.rasx",NA,TRUE,11756
1219,NA,"20230912_CalibrationCurve_EH_XRR_EH20230912Si01CuPc_Reflectivity_01.asc",NA,TRUE,6735
1220,NA,"20230912_CalibrationCurve_EH_XRR_EH20230912Si01CuPc_Reflectivity_01.rasx",NA,TRUE,8984
1221,NA,"20230912_CalibrationCurve_EH_XRR_EH20230912Si02CuPc_Reflectivity_01.asc",NA,TRUE,6814
1222,NA,"20230912_CalibrationCurve_EH_XRR_EH20230912Si02CuPc_Reflectivity_01.rasx",NA,TRUE,9028
1223,NA,"20230912_CalibrationCurve_EH_XRR_EH20230912Si03CuPc_Reflectivity_01.asc",NA,TRUE,6896
1224,NA,"20230912_CalibrationCurve_EH_XRR_EH20230912Si03CuPc_Reflectivity_01.rasx",NA,TRUE,8992
1225,NA,"20230913_CalibrationCurve_EH_XRD_EH20230912Si04CuPc_General_01.asc",NA,TRUE,10610
1226,NA,"20230913_CalibrationCurve_EH_XRD_EH20230912Si04CuPc_General_01.rasx",NA,TRUE,11675
1227,NA,"20230913_CalibrationCurve_EH_XRR_EH20230912Si04CuPc_Reflectivity_01.asc",NA,TRUE,6689
1228,NA,"20230913_CalibrationCurve_EH_XRR_EH20230912Si04CuPc_Reflectivity_01.rasx",NA,TRUE,8890
1229,NA,"20230925_DeannaThesis_EH_XRD_EH20230921Si01CuPc_General_01.asc",NA,TRUE,10726
1230,NA,"20230925_DeannaThesis_EH_XRD_EH20230921Si01CuPc_General_01.rasx",NA,TRUE,11822
1231,NA,"20230925_DeannaThesis_EH_XRR_EH20230921Si01CuPc_Reflectivity_01.asc",NA,TRUE,6960
1232,NA,"20230925_DeannaThesis_EH_XRR_EH20230921Si01CuPc_Reflectivity_01.rasx",NA,TRUE,9018
1233,NA,"20231006_CalibrationCurve_EH_XRD_EH20231005Si01CuPc_General_01_1.rasx",NA,TRUE,11906
1234,NA,"20231006_CalibrationCurve_EH_XRD_EH20231005Si01CuPc_General_01.asc",NA,TRUE,10792
1235,NA,"20231006_CalibrationCurve_EH_XRD_EH20231005Si01CuPc_General_01.rasx",NA,TRUE,11892
1236,NA,"20231006_CalibrationCurve_EH_XRD_EH20231005Si02CuPc_General_01_1.rasx",NA,TRUE,11851
1237,NA,"20231006_CalibrationCurve_EH_XRD_EH20231005Si02CuPc_General_01.asc",NA,TRUE,10721
1238,NA,"20231006_CalibrationCurve_EH_XRD_EH20231005Si02CuPc_General_01.rasx",NA,TRUE,11836
1239,NA,"20231006_CalibrationCurve_EH_XRD_EH20231005Si03CuPc_General_01_1.rasx",NA,TRUE,11753
1240,NA,"20231006_CalibrationCurve_EH_XRD_EH20231005Si03CuPc_General_01.asc",NA,TRUE,10764
1241,NA,"20231006_CalibrationCurve_EH_XRD_EH20231005Si03CuPc_General_01.rasx",NA,TRUE,11742
1242,NA,"20231006_CalibrationCurve_EH_XRD_EH20231005Si04CuPc_General_01_1.rasx",NA,TRUE,11938
1243,NA,"20231006_CalibrationCurve_EH_XRD_EH20231005Si04CuPc_General_01.asc",NA,TRUE,10810
1244,NA,"20231006_CalibrationCurve_EH_XRD_EH20231005Si04CuPc_General_01.rasx",NA,TRUE,11922
1245,NA,"20231006_CalibrationCurve_EH_XRR_EH20231005Si01CuPc_Reflectivity_01_1.rasx",NA,TRUE,9141
1246,NA,"20231006_CalibrationCurve_EH_XRR_EH20231005Si01CuPc_Reflectivity_01.asc",NA,TRUE,7133
1247,NA,"20231006_CalibrationCurve_EH_XRR_EH20231005Si01CuPc_Reflectivity_01.rasx",NA,TRUE,9125
1248,NA,"20231006_CalibrationCurve_EH_XRR_EH20231005Si02CuPc_Reflectivity_01_1.rasx",NA,TRUE,9158
1249,NA,"20231006_CalibrationCurve_EH_XRR_EH20231005Si02CuPc_Reflectivity_01.asc",NA,TRUE,6916
1250,NA,"20231006_CalibrationCurve_EH_XRR_EH20231005Si02CuPc_Reflectivity_01.rasx",NA,TRUE,9145
1251,NA,"20231006_CalibrationCurve_EH_XRR_EH20231005Si03CuPc_Reflectivity_01_1.rasx",NA,TRUE,9146
1252,NA,"20231006_CalibrationCurve_EH_XRR_EH20231005Si03CuPc_Reflectivity_01.asc",NA,TRUE,6994
1253,NA,"20231006_CalibrationCurve_EH_XRR_EH20231005Si03CuPc_Reflectivity_01.rasx",NA,TRUE,9130
1254,NA,"20231006_CalibrationCurve_EH_XRR_EH20231005Si04CuPc_Reflectivity_01_1.rasx",NA,TRUE,9143
1255,NA,"20231006_CalibrationCurve_EH_XRR_EH20231005Si04CuPc_Reflectivity_01.asc",NA,TRUE,6995
1256,NA,"20231006_CalibrationCurve_EH_XRR_EH20231005Si04CuPc_Reflectivity_01.rasx",NA,TRUE,9126
1257,NA,"20231017_EH_XRD_Al2O3Substrate_General_01.asc",NA,TRUE,31265
1258,NA,"20231017_EH_XRD_Al2O3Substrate_General_01.rasx",NA,TRUE,29672
1259,NA,"20231030_CalibrationCurve_EH_XRD_EH20231027Si01ZnPc_General_01.asc",NA,TRUE,10626
1260,NA,"20231030_CalibrationCurve_EH_XRD_EH20231027Si01ZnPc_General_01.ras",NA,TRUE,67214
1261,NA,"20231030_CalibrationCurve_EH_XRD_EH20231027Si01ZnPc_General_01.rasx",NA,TRUE,11868
1262,NA,"20231030_CalibrationCurve_EH_XRR_EH20231027Si01ZnPc_Reflectivity_01.asc",NA,TRUE,6974
1263,NA,"20231030_CalibrationCurve_EH_XRR_EH20231027Si01ZnPc_Reflectivity_01.ras",NA,TRUE,53250
1264,NA,"20231030_CalibrationCurve_EH_XRR_EH20231027Si01ZnPc_Reflectivity_01.rasx",NA,TRUE,8995
1265,NA,"20231031_CalibrationCurve_EH_XRD_EH20231027Si01ZnPc_General_01.asc",NA,TRUE,10565
1266,NA,"20231031_CalibrationCurve_EH_XRD_EH20231027Si01ZnPc_General_01.ras",NA,TRUE,67129
1267,NA,"20231031_CalibrationCurve_EH_XRD_EH20231027Si01ZnPc_General_01.rasx",NA,TRUE,11729
1268,NA,"20231031_CalibrationCurve_EH_XRD_EH20231027Si02ZnPc_General_01.asc",NA,TRUE,10491
1269,NA,"20231031_CalibrationCurve_EH_XRD_EH20231027Si02ZnPc_General_01.ras",NA,TRUE,67090
1270,NA,"20231031_CalibrationCurve_EH_XRD_EH20231027Si02ZnPc_General_01.rasx",NA,TRUE,11668
1271,NA,"20231031_CalibrationCurve_EH_XRR_EH20231027Si01ZnPc_Reflectivity_01.asc",NA,TRUE,6877
1272,NA,"20231031_CalibrationCurve_EH_XRR_EH20231027Si01ZnPc_Reflectivity_01.ras",NA,TRUE,53216
1273,NA,"20231031_CalibrationCurve_EH_XRR_EH20231027Si01ZnPc_Reflectivity_01.rasx",NA,TRUE,8983
1274,NA,"20231031_CalibrationCurve_EH_XRR_EH20231027Si02ZnPc_Reflectivity_01.asc",NA,TRUE,6815
1275,NA,"20231031_CalibrationCurve_EH_XRR_EH20231027Si02ZnPc_Reflectivity_01.ras",NA,TRUE,53071
1276,NA,"20231031_CalibrationCurve_EH_XRR_EH20231027Si02ZnPc_Reflectivity_01.rasx",NA,TRUE,8867
1277,NA,"20231101_CalibrationCurve_EH_XRD_EH20231027Si03ZnPc_General_01.asc",NA,TRUE,10545
1278,NA,"20231101_CalibrationCurve_EH_XRD_EH20231027Si03ZnPc_General_01.ras",NA,TRUE,67120
1279,NA,"20231101_CalibrationCurve_EH_XRD_EH20231027Si03ZnPc_General_01.rasx",NA,TRUE,11731
1280,NA,"20231101_CalibrationCurve_EH_XRR_EH20231027Si03ZnPc_Reflectivity_01.asc",NA,TRUE,6870
1281,NA,"20231101_CalibrationCurve_EH_XRR_EH20231027Si03ZnPc_Reflectivity_01.ras",NA,TRUE,53146
1282,NA,"20231101_CalibrationCurve_EH_XRR_EH20231027Si03ZnPc_Reflectivity_01.rasx",NA,TRUE,8927
1283,NA,"20231102_CalibrationCurve_EH_XRD_EH20231102Si01ZnPc_General_01.asc",NA,TRUE,10634
1284,NA,"20231102_CalibrationCurve_EH_XRD_EH20231102Si01ZnPc_General_01.ras",NA,TRUE,67224
1285,NA,"20231102_CalibrationCurve_EH_XRD_EH20231102Si01ZnPc_General_01.rasx",NA,TRUE,11626
1286,NA,"20231102_CalibrationCurve_EH_XRD_EH20231102Si02ZnPc_General_01.asc",NA,TRUE,10628
1287,NA,"20231102_CalibrationCurve_EH_XRD_EH20231102Si02ZnPc_General_01.ras",NA,TRUE,67209
1288,NA,"20231102_CalibrationCurve_EH_XRD_EH20231102Si02ZnPc_General_01.rasx",NA,TRUE,11752
1289,NA,"20231102_CalibrationCurve_EH_XRR_EH20231102Si01ZnPc_Reflectivity_01.asc",NA,TRUE,7001
1290,NA,"20231102_CalibrationCurve_EH_XRR_EH20231102Si01ZnPc_Reflectivity_01.ras",NA,TRUE,53074
1291,NA,"20231102_CalibrationCurve_EH_XRR_EH20231102Si01ZnPc_Reflectivity_01.rasx",NA,TRUE,8847
1292,NA,"20231102_CalibrationCurve_EH_XRR_EH20231102Si02ZnPc_Reflectivity_01.asc",NA,TRUE,6980
1293,NA,"20231102_CalibrationCurve_EH_XRR_EH20231102Si02ZnPc_Reflectivity_01.ras",NA,TRUE,53207
1294,NA,"20231102_CalibrationCurve_EH_XRR_EH20231102Si02ZnPc_Reflectivity_01.rasx",NA,TRUE,8984
1295,NA,"20231103_CalibrationCurve_EH_XRD_EH20231102Si03ZnPc_General_01.asc",NA,TRUE,10676
1296,NA,"20231103_CalibrationCurve_EH_XRD_EH20231102Si03ZnPc_General_01.ras",NA,TRUE,67264
1297,NA,"20231103_CalibrationCurve_EH_XRD_EH20231102Si03ZnPc_General_01.rasx",NA,TRUE,11771
1298,NA,"20231103_CalibrationCurve_EH_XRD_EH20231102Si04ZnPc_General_01.asc",NA,TRUE,10617
1299,NA,"20231103_CalibrationCurve_EH_XRD_EH20231102Si04ZnPc_General_01.ras",NA,TRUE,67198
1300,NA,"20231103_CalibrationCurve_EH_XRD_EH20231102Si04ZnPc_General_01.rasx",NA,TRUE,11711
1301,NA,"20231103_CalibrationCurve_EH_XRR_EH20231102Si03ZnPc_Reflectivity_01.asc",NA,TRUE,6828
1302,NA,"20231103_CalibrationCurve_EH_XRR_EH20231102Si03ZnPc_Reflectivity_01.ras",NA,TRUE,53220
1303,NA,"20231103_CalibrationCurve_EH_XRR_EH20231102Si03ZnPc_Reflectivity_01.rasx",NA,TRUE,9025
1304,NA,"20231103_CalibrationCurve_EH_XRR_EH20231102Si04ZnPc_Reflectivity_01.asc",NA,TRUE,6825
1305,NA,"20231103_CalibrationCurve_EH_XRR_EH20231102Si04ZnPc_Reflectivity_01.ras",NA,TRUE,53209
1306,NA,"20231103_CalibrationCurve_EH_XRR_EH20231102Si04ZnPc_Reflectivity_01.rasx",NA,TRUE,8982
1307,NA,"20231105_CalibrationCurve_EH_XRD_EH20231103Si01ZnPc_General_01.asc",NA,TRUE,10542
1308,NA,"20231105_CalibrationCurve_EH_XRD_EH20231103Si01ZnPc_General_01.ras",NA,TRUE,67100
1309,NA,"20231105_CalibrationCurve_EH_XRD_EH20231103Si01ZnPc_General_01.rasx",NA,TRUE,11786
1310,NA,"20231105_CalibrationCurve_EH_XRD_EH20231103Si02ZnPc_General_01.asc",NA,TRUE,10453
1311,NA,"20231105_CalibrationCurve_EH_XRD_EH20231103Si02ZnPc_General_01.ras",NA,TRUE,67046
1312,NA,"20231105_CalibrationCurve_EH_XRD_EH20231103Si02ZnPc_General_01.rasx",NA,TRUE,11748
1313,NA,"20231105_CalibrationCurve_EH_XRD_EH20231103Si03ZnPc_General_01.asc",NA,TRUE,10410
1314,NA,"20231105_CalibrationCurve_EH_XRD_EH20231103Si03ZnPc_General_01.ras",NA,TRUE,67005
1315,NA,"20231105_CalibrationCurve_EH_XRD_EH20231103Si03ZnPc_General_01.rasx",NA,TRUE,11721
1316,NA,"20231105_CalibrationCurve_EH_XRD_EH20231103Si04ZnPc_General_01.asc",NA,TRUE,10547
1317,NA,"20231105_CalibrationCurve_EH_XRD_EH20231103Si04ZnPc_General_01.ras",NA,TRUE,67071
1318,NA,"20231105_CalibrationCurve_EH_XRD_EH20231103Si04ZnPc_General_01.rasx",NA,TRUE,11688
1319,NA,"20231105_CalibrationCurve_EH_XRR_EH20231103Si01ZnPc_Reflectivity_01.asc",NA,TRUE,7000
1320,NA,"20231105_CalibrationCurve_EH_XRR_EH20231103Si01ZnPc_Reflectivity_01.ras",NA,TRUE,53207
1321,NA,"20231105_CalibrationCurve_EH_XRR_EH20231103Si01ZnPc_Reflectivity_01.rasx",NA,TRUE,9034
1322,NA,"20231105_CalibrationCurve_EH_XRR_EH20231103Si02ZnPc_Reflectivity_01.asc",NA,TRUE,7114
1323,NA,"20231105_CalibrationCurve_EH_XRR_EH20231103Si02ZnPc_Reflectivity_01.ras",NA,TRUE,53237
1324,NA,"20231105_CalibrationCurve_EH_XRR_EH20231103Si02ZnPc_Reflectivity_01.rasx",NA,TRUE,8977
1325,NA,"20231105_CalibrationCurve_EH_XRR_EH20231103Si03ZnPc_Reflectivity_01.asc",NA,TRUE,6903
1326,NA,"20231105_CalibrationCurve_EH_XRR_EH20231103Si03ZnPc_Reflectivity_01.ras",NA,TRUE,53183
1327,NA,"20231105_CalibrationCurve_EH_XRR_EH20231103Si03ZnPc_Reflectivity_01.rasx",NA,TRUE,8984
1328,NA,"20231105_CalibrationCurve_EH_XRR_EH20231103Si04ZnPc_Reflectivity_01.asc",NA,TRUE,6960
1329,NA,"20231105_CalibrationCurve_EH_XRR_EH20231103Si04ZnPc_Reflectivity_01.ras",NA,TRUE,53190
1330,NA,"20231105_CalibrationCurve_EH_XRR_EH20231103Si04ZnPc_Reflectivity_01.rasx",NA,TRUE,8980
1347,NA,"20231117_TOSU_EH_XRD_EH20231109Si01ZnPc_General_01.asc",NA,TRUE,10534
1348,NA,"20231117_TOSU_EH_XRD_EH20231109Si01ZnPc_General_01.rasx",NA,TRUE,11787
1349,NA,"20231117_TOSU_EH_XRR_EH20231109Si01ZnPc_Reflectivity_01.asc",NA,TRUE,6943
1350,NA,"20231117_TOSU_EH_XRR_EH20231109Si01ZnPc_Reflectivity_01.rasx",NA,TRUE,8907
1351,NA,"20231120_TOSU_EH_XRD_EH20231109Si02ZnPc_General_01.asc",NA,TRUE,10594
1352,NA,"20231120_TOSU_EH_XRD_EH20231109Si02ZnPc_General_01.rasx",NA,TRUE,11758
1353,NA,"20231120_TOSU_EH_XRR_EH20231109Si02ZnPc_Reflectivity_01.asc",NA,TRUE,6971
1354,NA,"20231120_TOSU_EH_XRR_EH20231109Si02ZnPc_Reflectivity_01.rasx",NA,TRUE,8873
1382,NA,"EH230925Si01_Cu0000.tif",NA,TRUE,9440768
1383,NA,"EH230925Si01_Cu0001.ibw",NA,TRUE,1145549
1384,NA,"EH230925Si01_Cu0002.ibw",NA,TRUE,1178287
1385,NA,"EH230925Si01_Cu0003.ibw",NA,TRUE,1145374
1386,NA,"EH230925Si01_Cu0004.ibw",NA,TRUE,1145218
1387,NA,"EH230925Si01_Cu0005.ibw",NA,TRUE,1145477
1388,NA,"EH230925Si01_Cu0006.ibw",NA,TRUE,1145352
1389,NA,"EH230925Si01_Cu0007.ibw",NA,TRUE,1145434
1390,NA,"EH230925Si01_Cu0008.ibw",NA,TRUE,1145537
1391,NA,"EH230925Si01_Cu0009.ibw",NA,TRUE,1145406
1392,NA,"EH230921Si01_Cu0000.tif",NA,TRUE,9440768
1393,NA,"Image0000.tif",NA,TRUE,9440768
1394,NA,"YS230213A0000.tif",NA,TRUE,9440768
1395,NA,"YS230213A0001.ibw",NA,TRUE,1144830
1396,NA,"YS230213A0002.ibw",NA,TRUE,1144929
1397,NA,"YS230213A0003.ibw",NA,TRUE,1145115
1398,NA,"YS230213A0004.ibw",NA,TRUE,4305845
1399,NA,"EH231203Si01_Cu0000.tif",NA,TRUE,9440768
1400,NA,"EH231203Si01_Cu0001.ibw",NA,TRUE,1145066
1401,NA,"EH231203Si01_Cu0002.ibw",NA,TRUE,1144799
1402,NA,"EH231203Si01_Cu0003.ibw",NA,TRUE,1144906
1403,NA,"EH231203Si01_Cu0004.ibw",NA,TRUE,4306006
1404,NA,"EH231203Si01_Cu0005.ibw",NA,TRUE,1145317
1405,NA,"EH231203Si01_Cu0006.ibw",NA,TRUE,1145262
1406,NA,"EH231203Si01_Cu0007.ibw",NA,TRUE,1149353
1407,NA,"EH231203Si01_Cu0008.ibw",NA,TRUE,1145255
1408,NA,"EH231203Si01_Cu0009.ibw",NA,TRUE,4306302
1409,NA,"EH231203Si01_Cu0010.ibw",NA,TRUE,4306266
1410,NA,"EH231203Si01_Cu0011.ibw",NA,TRUE,1145351
1411,NA,"EH231203Si01_Cu0012.ibw",NA,TRUE,1145335
1412,NA,"EH231203Si01_Cu0013.ibw",NA,TRUE,1145275
1413,NA,"EH231203Si01_Cu0014.ibw",NA,TRUE,1145297
1414,NA,"EH231203Si01_Cu0015.ibw",NA,TRUE,1184130
1415,NA,"EH231203Si010000.tif",NA,TRUE,9440768
1416,NA,"EH231203Si010001.ibw",NA,TRUE,1145543
1417,NA,"EH231203Si010002.ibw",NA,TRUE,1145646
1418,NA,"EH231203Si010003.ibw",NA,TRUE,1145581
1419,NA,"EH231203Si010004.ibw",NA,TRUE,1145302
1420,NA,"EH231203Si010005.tif",NA,TRUE,9440768
1421,NA,"EH231203Si010006.ibw",NA,TRUE,1145382
1422,NA,"EH231203Si010007.ibw",NA,TRUE,1177771
1423,NA,"EH231203Si010008.ibw",NA,TRUE,1154924
1424,NA,"EH231203Si010009.ibw",NA,TRUE,1145569
1425,NA,"EH231203Si010010.ibw",NA,TRUE,1146289
1426,NA,"EH231203Si010011.ibw",NA,TRUE,1173760
1427,NA,"EH231203Si010012.ibw",NA,TRUE,1187767
1428,NA,"EH231203Si010013.ibw",NA,TRUE,1145586
1429,NA,"EH231203Si010014.ibw",NA,TRUE,1145548
1430,NA,"EH231203Si010015.ibw",NA,TRUE,1145487
1431,NA,"EH231203Si010016.ibw",NA,TRUE,1145531
1432,NA,"EH231203Si010017.ibw",NA,TRUE,1145419
1433,NA,"EH231203Si010018.ibw",NA,TRUE,1145488
1434,NA,"EH2313203Si010000.tif",NA,TRUE,9440768
1435,NA,"EH2313203Si010001.ibw",NA,TRUE,1153167
1436,NA,"EH2313203Si010002.ibw",NA,TRUE,1155410
1437,NA,"EH2313203Si010003.ibw",NA,TRUE,1144972
1438,NA,"EH2313203Si010004.ibw",NA,TRUE,1145183
1439,NA,"EH2313203Si010005.ibw",NA,TRUE,1145112
1440,NA,"EH2313203Si010006.ibw",NA,TRUE,1145163
1441,NA,"EH2313203Si010007.ibw",NA,TRUE,1146912
1442,NA,"EH2313203Si010008.ibw",NA,TRUE,1145426
1443,NA,"EH2313203Si010009.ibw",NA,TRUE,1145934
1444,NA,"EH2313203Si010010.tif",NA,TRUE,9440768
1445,NA,"EH2313203Si010011.ibw",NA,TRUE,1145523
1446,NA,"EH2313203Si010012.ibw",NA,TRUE,1145568
1447,NA,"EH2313203Si010013.ibw",NA,TRUE,1145565
1448,NA,"EH2313203Si010014.ibw",NA,TRUE,1145391
1449,NA,"CDep_RS1_Radak_EH_ZnPC_NoHeatV1_20231108_175907_details.json",NA,TRUE,9074
1450,NA,"CDep_RS1_Radak_EH_ZnPC_AT_NoHeat_20231025_180302.csv",NA,TRUE,16417
1451,NA,"S1_Radak_EH_ZnPC_AT_NoHeat_Original_20231025_180302.xml",NA,TRUE,17914
1452,NA,"S1_Radak_EH_ZnPC_AT_NoHeat_Status_20231025_180316.xml",NA,TRUE,34819
1453,NA,"CDep_RS1_Radak_EH_ZnPC_AT_NoHeat_20231025_180351.csv",NA,TRUE,116084026
1454,NA,"S1_Radak_EH_ZnPC_AT_NoHeat_Complete_20231027_132155.xml",NA,TRUE,18930
1455,NA,"S1_Radak_EH_ZnPC_AT_NoHeat_Original_20231025_180351.xml",NA,TRUE,18913
1456,NA,"S1_Radak_EH_ZnPC_AT_NoHeat_Status_20231027_132155.xml",NA,TRUE,37580
1457,NA,"CDep_RS1_Radak_EH_ZnPC_AT_NoHeat_20231031_150350.csv",NA,TRUE,129024024
1458,NA,"S1_Radak_EH_ZnPC_AT_NoHeat_Complete_20231102_120843.xml",NA,TRUE,18930
1459,NA,"S1_Radak_EH_ZnPC_AT_NoHeat_Original_20231031_150350.xml",NA,TRUE,18913
1460,NA,"S1_Radak_EH_ZnPC_AT_NoHeat_Status_20231102_120843.xml",NA,TRUE,37578
1461,NA,"CDep_RS1_Radak_EH_ZnPC_AT_NoHeat_20231102_181156.csv",NA,TRUE,53176107
1462,NA,"S1_Radak_EH_ZnPC_AT_NoHeat_Complete_20231103_113103.xml",NA,TRUE,18931
1463,NA,"S1_Radak_EH_ZnPC_AT_NoHeat_Original_20231102_181156.xml",NA,TRUE,18944
1464,NA,"S1_Radak_EH_ZnPC_AT_NoHeat_Status_20231103_113103.xml",NA,TRUE,37578
1465,NA,"20231110_DepositionFailure.PNG",NA,TRUE,174556
1466,NA,"CDep_RS1_Radak_EH_ZnPC_NoHeatV1_20231108_175907.csv",NA,TRUE,121056933
1467,NA,"S1_Radak_EH_ZnPC_NoHeatV1_Complete_20231110_114008.xml",NA,TRUE,17532
1468,NA,"S1_Radak_EH_ZnPC_NoHeatV1_Original_20231108_175907.xml",NA,TRUE,17531
1469,NA,"S1_Radak_EH_ZnPC_NoHeatV1_Status_20231110_114008.xml",NA,TRUE,35235
1470,NA,"CDep_RS3_Radak_EH_CuPC_GrHBnNoHeatV1_20230920_105716.csv",NA,TRUE,77112294
1471,NA,"S3_Radak_EH_CuPC_GrHBnNoHeatV1_Complete_20230921_124211.xml",NA,TRUE,17775
1472,NA,"S3_Radak_EH_CuPC_GrHBnNoHeatV1_Original_20230920_105716.xml",NA,TRUE,17775
1473,NA,"S3_Radak_EH_CuPC_GrHBnNoHeatV1_Status_20230921_124211.xml",NA,TRUE,34850
1474,NA,"CDep_RS3_Radak_EH_CuPC_Heat200C_50nm_V3_20231130_151953_details.json",NA,TRUE,9271
1475,NA,"CDep_RS3_Radak_EH_CuPC_Heat200C_50nm_V3_20231130_151953.csv",NA,TRUE,106048792
1476,NA,"S3_Radak_EH_CuPC_Heat200C_50nm_V3_Original_20231130_151953.xml",NA,TRUE,21785
1477,NA,"S3_Radak_EH_CuPC_Heat200C_50nm_V3_Status_20231202_020052.xml",NA,TRUE,51985
1478,NA,"CDep_RS3_Radak_EH_CuPC_Heat200CV1_20231003_164855.csv",NA,TRUE,111660575
1479,NA,"S3_Radak_EH_CuPC_Heat200CV1_Original_20231003_164855.xml",NA,TRUE,20103
1480,NA,"S3_Radak_EH_CuPC_Heat200CV1_Status_20231005_103803.xml",NA,TRUE,44698
1481,NA,"CDep_RS3_Radak_EH_CuPC_NoHeat_25nm_Heat200C_25nm_V1_20231202_152003.csv",NA,TRUE,44018490
1482,NA,"S3_Radak_EH_CuPC_NoHeat_25nm_Heat200C_25nm_V1_Complete_20231203_062635.xml",NA,TRUE,27062
1483,NA,"S3_Radak_EH_CuPC_NoHeat_25nm_Heat200C_25nm_V1_Original_20231202_152003.xml",NA,TRUE,27062
1484,NA,"S3_Radak_EH_CuPC_NoHeat_25nm_Heat200C_25nm_V1_Status_20231203_062635.xml",NA,TRUE,63801
1485,NA,"CDep_RS3_Radak_EH_CuPC_NoHeat_50nm_V2_20231121_143138.csv",NA,TRUE,133682448
1486,NA,"S3_Radak_EH_CuPC_NoHeat_50nm_V2_Complete_20231123_213420.xml",NA,TRUE,17499
1487,NA,"S3_Radak_EH_CuPC_NoHeat_50nm_V2_Original_20231121_143138.xml",NA,TRUE,17533
1488,NA,"S3_Radak_EH_CuPC_NoHeat_50nm_V2_Status_20231123_213420.xml",NA,TRUE,34813
1489,NA,"CDep_RS3_Radak_EH_CuPC_NoHeat_50nm_V2_20240110_172056.csv",NA,TRUE,49243663
1490,NA,"S3_Radak_EH_CuPC_NoHeat_50nm_V2_Original_20240110_172056.xml",NA,TRUE,17507
1491,NA,"S3_Radak_EH_CuPC_NoHeat_50nm_V2_Status_20240111_132008.xml",NA,TRUE,34811
1492,NA,"CDep_RS3_Radak_EH_CuPC_NoHeat50nm_20231105_134712.csv",NA,TRUE,60625724
1493,NA,"S3_Radak_EH_CuPC_NoHeat50nm_Original_20231105_134712.xml",NA,TRUE,17591
1494,NA,"S3_Radak_EH_CuPC_NoHeat50nm_Status_20231106_103858.xml",NA,TRUE,34826
1513,NA,"EH231203Si030000.tif",NA,TRUE,9440768
1514,NA,"EH231203Si030001.ibw",NA,TRUE,1145789
1515,NA,"EH231203Si030002.ibw",NA,TRUE,1145867
1516,NA,"EH231203Si030003.ibw",NA,TRUE,1145791
1517,NA,"EH231203Si030004.ibw",NA,TRUE,1145739
1518,NA,"EH231203Si030005.ibw",NA,TRUE,1145683
1519,NA,"EH231203Si030006.ibw",NA,TRUE,1145709
1520,NA,"EH231203Si030007.ibw",NA,TRUE,1145865
1521,NA,"EH231203Si030008.ibw",NA,TRUE,1145625
1522,NA,"EH231203Si030009.ibw",NA,TRUE,1145601
1523,NA,"EH231203Si030010.ibw",NA,TRUE,4307047
1524,NA,"EH231203Si030011.ibw",NA,TRUE,4306441
1525,NA,"EH230103Si040000.tif",NA,TRUE,9440768
1526,NA,"EH230103Si040001.ibw",NA,TRUE,1145331
1527,NA,"EH230103Si040002.ibw",NA,TRUE,1147104
1528,NA,"EH230103Si040003.ibw",NA,TRUE,1145718
1529,NA,"EH230103Si040004.ibw",NA,TRUE,1145516
1530,NA,"EH230103Si040005.ibw",NA,TRUE,1145606
1531,NA,"EH230103Si040006.ibw",NA,TRUE,1145603
1532,NA,"EH230103Si040007.ibw",NA,TRUE,1145512
1533,NA,"EH230103Si040008.tif",NA,TRUE,9440768
1534,NA,"EH230103Si040009.ibw",NA,TRUE,1145609
1535,NA,"EH230117Si010000.tif",NA,TRUE,9440768
1536,NA,"EH230117Si010001.ibw",NA,TRUE,1147315
1537,NA,"EH230117Si010002.ibw",NA,TRUE,1145334
1538,NA,"EH230117Si010003.ibw",NA,TRUE,1145367
1539,NA,"EH230117Si010004.ibw",NA,TRUE,1145352
1540,NA,"EH240117Si010000.tif",NA,TRUE,9440768
1541,NA,"EH240117Si010001.ibw",NA,TRUE,1145469
1542,NA,"EH240117Si010002.ibw",NA,TRUE,1145477
1543,NA,"EH240117Si010003.ibw",NA,TRUE,1145677
1544,NA,"EH240117Si010004.ibw",NA,TRUE,1145467
1545,NA,"EH240117Si010005.ibw",NA,TRUE,1145532
1546,NA,"EH240117Si010006.ibw",NA,TRUE,1145582
1547,NA,"EH240117Si010007.ibw",NA,TRUE,1145391
1548,NA,"EH240117Si010008.ibw",NA,TRUE,1145546
1549,NA,"EH240117Si010009.ibw",NA,TRUE,1145545
1550,NA,"EH240117Si010010.ibw",NA,TRUE,1148107
1551,NA,"EH240117Si010011.tif",NA,TRUE,9440768
1552,NA,"EH240117Si010012.ibw",NA,TRUE,1148427
1553,NA,"EH240117Si010013.ibw",NA,TRUE,1147206
1554,NA,"EH240117Si010014.ibw",NA,TRUE,1145314
1555,NA,"EH240117Si010015.ibw",NA,TRUE,1145184
1556,NA,"EH240117Si010016.ibw",NA,TRUE,1145499
1557,NA,"EH240117Si010017.ibw",NA,TRUE,1145576
1558,NA,"EH240117Si010018.ibw",NA,TRUE,1145334
1559,NA,"240207_HeadConnectedError.PNG",NA,TRUE,615771
1560,NA,"EH240117Si02_0000.tif",NA,TRUE,9440768
1561,NA,"EH240117Si02_0001.ibw",NA,TRUE,1156708
1562,NA,"EH240117Si02_0002.ibw",NA,TRUE,1145195
1563,NA,"EH240117Si02_0003.ibw",NA,TRUE,1145100
1564,NA,"EH240117Si02_0004.ibw",NA,TRUE,1145045
1565,NA,"EH240117Si02_0005.ibw",NA,TRUE,1148468
1566,NA,"EH240117Si03_0000.tif",NA,TRUE,9440768
1567,NA,"EH240117Si03_0001.ibw",NA,TRUE,1162054
1568,NA,"EH240117Si03_0002.ibw",NA,TRUE,1147669
1569,NA,"EH240117Si03_0003.ibw",NA,TRUE,1145267
1570,NA,"EH240117Si03_0004.ibw",NA,TRUE,1145456
1571,NA,"EH240117Si03_0005.ibw",NA,TRUE,1172848
1572,NA,"EH240117Si03_0006.ibw",NA,TRUE,1145404
1573,NA,"EH240117Si03_0007.ibw",NA,TRUE,1145329
1574,NA,"EH240117Si03_0008.ibw",NA,TRUE,1145445
1575,NA,"EH240117Si03_0009.ibw",NA,TRUE,1145536
1576,NA,"EH240117Si03_0010.ibw",NA,TRUE,1145406
1577,NA,"EH240117Si03_0011.ibw",NA,TRUE,1145437
1578,NA,"EH240117Si03_0012.ibw",NA,TRUE,1145425
1579,NA,"EH240117Si03_0013.ibw",NA,TRUE,1145455
1580,NA,"EH240117Si03_0014.ibw",NA,TRUE,1145481
1581,NA,"EH240117Si03_0015.ibw",NA,TRUE,1145438
1582,NA,"EH240117Si03_0016.ibw",NA,TRUE,1145481
1583,NA,"EH240117Si03_0017.ibw",NA,TRUE,1145435
1584,NA,"EH240111Si01_0000.tif",NA,TRUE,9440768
1585,NA,"EH240111Si01_0001.ibw",NA,TRUE,1147018
1586,NA,"EH240111Si01_0002.ibw",NA,TRUE,1220059
1587,NA,"EH240111Si01_0003.ibw",NA,TRUE,1145079
1588,NA,"EH240111Si01_0004.ibw",NA,TRUE,1145158
1589,NA,"EH240111Si01_0005.ibw",NA,TRUE,1187157
1590,NA,"EH240111Si01_0006.ibw",NA,TRUE,1144951
1591,NA,"EH240111Si01_0007.ibw",NA,TRUE,1147001
1592,NA,"EH240111Si01_0008.ibw",NA,TRUE,1144971
1593,NA,"EH240111Si01_0009.ibw",NA,TRUE,1145530
1594,NA,"EH240111Si01_0010.ibw",NA,TRUE,1144809
1595,NA,"EH240111Si01_0011.ibw",NA,TRUE,1144791
1596,NA,"EH240111Si01_0012.ibw",NA,TRUE,1144922
1597,NA,"EH240111Si01_0013.ibw",NA,TRUE,1144816
1598,NA,"EH240111Si01_0014.ibw",NA,TRUE,1146392
1599,NA,"EH240111Si01_0015.ibw",NA,TRUE,1144799
1600,NA,"EH240111Si01_0016.ibw",NA,TRUE,1153120
1601,NA,"EH240111Si01_0017.ibw",NA,TRUE,1144787
1602,NA,"EH240111Si01_0018.ibw",NA,TRUE,1144838
1603,NA,"EH240111Si01_0019.ibw",NA,TRUE,1144795
1604,NA,"EH240111Si01_0020.ibw",NA,TRUE,1144764
1605,NA,"EH240111Si01_0021.ibw",NA,TRUE,1144799
1606,NA,"EH240115Si01_0000.tif",NA,TRUE,9440768
1607,NA,"EH240115Si01_0001.ibw",NA,TRUE,1154532
1608,NA,"EH240115Si01_0002.ibw",NA,TRUE,1154888
1609,NA,"EH240115Si01_0003.ibw",NA,TRUE,1155805
1610,NA,"EH240115Si01_0004.ibw",NA,TRUE,1157243
1647,NA,"20240319_TOSU_EH_XRD_EH20240313Si01ZnPc_General_01.rasx",NA,TRUE,11658
1648,NA,"20240319_TOSU_EH_XRD_EH20240313Si02ZnPc_General_01.rasx",NA,TRUE,11726
1649,NA,"20240319_TOSU_EH_XRR_EH20240313Si01ZnPc_Reflectivity_01.rasx",NA,TRUE,8947
1650,NA,"20240319_TOSU_EH_XRR_EH20240313Si02ZnPc_Reflectivity_01.rasx",NA,TRUE,8953
1651,NA,"20240320_TOSU_EH_XRD_EH20240313Si01ZnPc_General_01.rasx",NA,TRUE,11752
1652,NA,"20240320_TOSU_EH_XRD_EH20240313Si03ZnPc_General_01.rasx",NA,TRUE,11717
1653,NA,"20240320_TOSU_EH_XRR_EH20240313Si01ZnPc_Reflectivity_01.rasx",NA,TRUE,8912
1654,NA,"20240320_TOSU_EH_XRR_EH20240313Si03ZnPc_Reflectivity_01.rasx",NA,TRUE,8952
1675,NA,"EH240220Si01_0000.tif",NA,TRUE,9440768
1676,NA,"EH240220Si01_0001.ibw",NA,TRUE,1155325
1677,NA,"EH240220Si01_0002.ibw",NA,TRUE,1155853
1678,NA,"EH240220Si01_0003.ibw",NA,TRUE,1145404
1679,NA,"EH240220Si01_0004.ibw",NA,TRUE,1147684
1680,NA,"EH240220Si01_0005.tif",NA,TRUE,9440768
1681,NA,"EH240220Si01_0006.ibw",NA,TRUE,1152579
1682,NA,"EH240220Si01_0007.ibw",NA,TRUE,1144993
1683,NA,"EH240115Si01_0000.tif",NA,TRUE,9440768
1684,NA,"EH240115Si01_0001.ibw",NA,TRUE,1145179
1685,NA,"EH240115Si01_0002.ibw",NA,TRUE,1145231
1686,NA,"EH240115Si01_0003.ibw",NA,TRUE,1164079
1687,NA,"EH240115Si01_0004.ibw",NA,TRUE,1145375
1688,NA,"EH240115Si01_0005.ibw",NA,TRUE,1153912
1689,NA,"EH240115Si01_0006.ibw",NA,TRUE,1157190
1690,NA,"EH240115Si01_0007.ibw",NA,TRUE,1152917
1691,NA,"EH240115Si01_0008.ibw",NA,TRUE,1145279
1692,NA,"EH240115Si01_0009.ibw",NA,TRUE,1145311
1693,NA,"EH240115Si01_0010.ibw",NA,TRUE,1146294
1694,NA,"EH240115Si01_0011.ibw",NA,TRUE,1150646
1695,NA,"EH240115Si01_0012.ibw",NA,TRUE,1145095
1696,NA,"EH240115Si01_0013.ibw",NA,TRUE,1145043
1697,NA,"EH240115Si01_0014.ibw",NA,TRUE,1145105
1698,NA,"EH240115Si01_0015.ibw",NA,TRUE,1145199
1699,NA,"EH240115Si01_0016.ibw",NA,TRUE,1145206
1700,NA,"EH240115Si01_0017.ibw",NA,TRUE,1145033
1701,NA,"EH240115Si01_0000.tif",NA,TRUE,9440768
1702,NA,"EH240115Si01_0001.ibw",NA,TRUE,1145121
1703,NA,"EH240115Si01_0002.ibw",NA,TRUE,1170153
1704,NA,"EH240115Si01_0003.ibw",NA,TRUE,1151552
1705,NA,"EH240115Si01_0004.ibw",NA,TRUE,1145202
1706,NA,"EH240115Si01_0005.ibw",NA,TRUE,1145268
1707,NA,"EH240115Si01_0006.ibw",NA,TRUE,1145174
1708,NA,"EH240115Si01_0007.ibw",NA,TRUE,1145138
1709,NA,"EH240115Si01_0008.ibw",NA,TRUE,1145053
1710,NA,"EH240115Si01_0009.ibw",NA,TRUE,1145047
1711,NA,"EH240115Si01_0010.ibw",NA,TRUE,1148847
1712,NA,"EH240115Si01_0011.ibw",NA,TRUE,1144922
1713,NA,"EH240115Si01_0012.ibw",NA,TRUE,1144828
1714,NA,"EH240115Si01_0013.ibw",NA,TRUE,1145019
1715,NA,"EH240115Si01_0014.ibw",NA,TRUE,1144903
1716,NA,"EH240115Si01_0015.ibw",NA,TRUE,1145074
1717,NA,"EH240313Si01_0000.tif",NA,TRUE,9440768
1718,NA,"EH240313Si01_0001.ibw",NA,TRUE,351268
1719,NA,"EH240313Si01_0002.ibw",NA,TRUE,393127
1720,NA,"EH240313Si01_0003.ibw",NA,TRUE,1145712
1721,NA,"EH240313Si01_0004.ibw",NA,TRUE,1145683
1722,NA,"EH240313Si01_0005.ibw",NA,TRUE,1146209
1723,NA,"EH240313Si01_0006.ibw",NA,TRUE,1145644
1724,NA,"EH240313Si01_0007.ibw",NA,TRUE,1145689
1725,NA,"EH240313Si01_0008.tif",NA,TRUE,9440768
1726,NA,"EH240313Si01_0009.ibw",NA,TRUE,1145108
1727,NA,"EH240313Si01_0010.ibw",NA,TRUE,1145154
1728,NA,"EH240313Si01_0011.ibw",NA,TRUE,1145451
1729,NA,"EH240313Si01_0012.ibw",NA,TRUE,1149789
1730,NA,"EH240313Si01_0013.ibw",NA,TRUE,1146314
1731,NA,"EH240313Si02_0000.tif",NA,TRUE,9440768
1732,NA,"EH240313Si02_0001.ibw",NA,TRUE,370496
1733,NA,"EH240313Si02_0002.ibw",NA,TRUE,1145995
1734,NA,"EH240313Si02_0003.ibw",NA,TRUE,1148382
1735,NA,"EH240313Si02_0004.ibw",NA,TRUE,1146001
1736,NA,"EH240313Si02_0005.ibw",NA,TRUE,1145871
1737,NA,"EH240313Si02_0006.ibw",NA,TRUE,1145809
1738,NA,"EH240313Si02_0007.tif",NA,TRUE,9440768
1739,NA,"EH240313Si02_0008.ibw",NA,TRUE,1145106
1740,NA,"EH240313Si02_0009.ibw",NA,TRUE,1145151
1741,NA,"EH240313Si03_0000.tif",NA,TRUE,9440768
1742,NA,"EH240313Si03_0001.ibw",NA,TRUE,359636
1743,NA,"EH240313Si03_0002.ibw",NA,TRUE,1145895
1744,NA,"EH240313Si03_0003.ibw",NA,TRUE,1145811
1745,NA,"EH240313Si03_0004.ibw",NA,TRUE,1145646
1746,NA,"EH240313Si03_0005.ibw",NA,TRUE,1145635
1747,NA,"EH240313Si03_0006.ibw",NA,TRUE,1145633
1748,NA,"EH240313Si03_0000.tif",NA,TRUE,9440768
1749,NA,"EH240313Si03_0001.ibw",NA,TRUE,359168
1750,NA,"EH240313Si03_0002.ibw",NA,TRUE,1145720
1751,NA,"EH240313Si03_0003.ibw",NA,TRUE,1145578
1752,NA,"EH240313Si03_0004.ibw",NA,TRUE,1145493
1753,NA,"EH240313Si03_0005.ibw",NA,TRUE,1150114
1754,NA,"EH240325Si01_0000.tif",NA,TRUE,9440768
1755,NA,"EH240325Si01_0001.ibw",NA,TRUE,1145462
1756,NA,"EH240325Si01_0002.ibw",NA,TRUE,1145882
1757,NA,"EH240325Si01_0003.ibw",NA,TRUE,1145500
1758,NA,"EH240325Si01_0004.ibw",NA,TRUE,1145657
1759,NA,"EH240325Si01_0005.ibw",NA,TRUE,1145473
1760,NA,"EH240117Si01_0000.tif",NA,TRUE,9440768
1761,NA,"EH240117Si01_0001.ibw",NA,TRUE,360185
1762,NA,"EH240117Si01_0002.ibw",NA,TRUE,1145345
1763,NA,"EH240117Si01_0003.ibw",NA,TRUE,1145627
1764,NA,"EH240117Si01_0004.ibw",NA,TRUE,1145846
1765,NA,"EH240117Si01_0005.ibw",NA,TRUE,1150699
1766,NA,"EH240117Si01_0006.ibw",NA,TRUE,1145794
1767,NA,"EH240117Si01_0007.ibw",NA,TRUE,1145755
1768,NA,"EH240117Si01_0008.tif",NA,TRUE,9440768
1769,NA,"EH240117Si01_0009.ibw",NA,TRUE,1145658
1770,NA,"EH240117Si01_0010.ibw",NA,TRUE,1147320
1771,NA,"EH240117Si01_0011.ibw",NA,TRUE,1146048
1772,NA,"EH240117Si01_0012.ibw",NA,TRUE,1146198
1773,NA,"EH240117Si01_0013.ibw",NA,TRUE,1145625
1774,NA,"EH240117Si01_0014.ibw",NA,TRUE,1146843
1775,NA,"EH240117Si01_0015.ibw",NA,TRUE,1145616
1776,NA,"EH240117Si01_0016.ibw",NA,TRUE,1145483
1777,NA,"EH240117Si01_0017.ibw",NA,TRUE,1146644
1778,NA,"EH240120Si01_0000.tif",NA,TRUE,9440768
1779,NA,"EH240120Si01_0001.ibw",NA,TRUE,1145659
1780,NA,"EH240120Si01_0002.ibw",NA,TRUE,1145698
1781,NA,"EH240120Si01_0003.ibw",NA,TRUE,1145593
1782,NA,"EH240120Si01_0004.ibw",NA,TRUE,1145560
1783,NA,"EH240120Si01_0005.tif",NA,TRUE,9440768
1784,NA,"EH240120Si01_0006.ibw",NA,TRUE,351334
1785,NA,"EH240120Si01_0007.ibw",NA,TRUE,1145542
1786,NA,"EH240120Si01_0008.ibw",NA,TRUE,1145367
1787,NA,"EH240120Si01_0009.ibw",NA,TRUE,1145409
1788,NA,"EH240120Si01_0010.ibw",NA,TRUE,1145328
1789,NA,"Eh240111Si02_0000.tif",NA,TRUE,9440768
1790,NA,"Eh240111Si02_0001.ibw",NA,TRUE,1145868
1791,NA,"Eh240111Si02_0002.ibw",NA,TRUE,1145913
1792,NA,"Eh240111Si02_0003.ibw",NA,TRUE,1145773
1793,NA,"Eh240111Si02_0004.ibw",NA,TRUE,1145708
1794,NA,"Eh240111Si02_0005.ibw",NA,TRUE,1145634
1795,NA,"Eh240111Si02_0000.tif",NA,TRUE,9440768
1796,NA,"EH240111Si02_0001.ibw",NA,TRUE,355051
1797,NA,"EH240111Si02_0002.ibw",NA,TRUE,1145627
1798,NA,"EH240111Si02_0003.ibw",NA,TRUE,1145355
1799,NA,"EH240111Si02_0004.ibw",NA,TRUE,1145472
1800,NA,"EH240111Si02_0005.ibw",NA,TRUE,1145445
1801,NA,"EH240111Si02_0006.ibw",NA,TRUE,1145476
1802,NA,"EH240111Si02_0007.tif",NA,TRUE,9440768
1803,NA,"EH240111Si02_0008.ibw",NA,TRUE,1145940
1804,NA,"EH240111Si02_0009.ibw",NA,TRUE,1146148
1805,NA,"EH240111Si02_0010.ibw",NA,TRUE,1145706
1806,NA,"EH240111Si02_0011.ibw",NA,TRUE,1145699
1807,NA,"EH240111Si02_0012.ibw",NA,TRUE,1145704
1808,NA,"EH240111Si02_0013.ibw",NA,TRUE,1145898
1809,NA,"EH240111Si03_0000.tif",NA,TRUE,9440768
1810,NA,"EH240111Si03_0001.ibw",NA,TRUE,351207
1811,NA,"EH240111Si03_0002.ibw",NA,TRUE,1145722
1812,NA,"EH240111Si03_0003.ibw",NA,TRUE,1145503
1813,NA,"EH240111Si03_0004.ibw",NA,TRUE,1159155
1814,NA,"EH240111Si03_0005.ibw",NA,TRUE,1145364
1815,NA,"EH240325Si01_0000.tif",NA,TRUE,9440768
1816,NA,"EH240325Si01_0001.ibw",NA,TRUE,1151624
1817,NA,"EH240325Si01_0002.ibw",NA,TRUE,1145375
1818,NA,"EH240325Si01_0003.ibw",NA,TRUE,1145349
1819,NA,"EH240325Si01_0004.ibw",NA,TRUE,1145302
1820,NA,"EH240325Si01_0005.ibw",NA,TRUE,1145152
1821,NA,"EH240325Si01_0006.ibw",NA,TRUE,1145589
1822,NA,"EH240325Si01_0007.ibw",NA,TRUE,1145034
1823,NA,"EH240325Si01_0008.ibw",NA,TRUE,1145197
1824,NA,"EH240325Si02_0000.tif",NA,TRUE,9440768
1825,NA,"EH240325Si02_0001.ibw",NA,TRUE,1145566
1826,NA,"EH240325Si02_0002.ibw",NA,TRUE,1145612
1827,NA,"EH240325Si02_0003.ibw",NA,TRUE,1145083
1828,NA,"EH240325Si02_0004.ibw",NA,TRUE,1145573
1829,NA,"EH240325Si02_0005.tif",NA,TRUE,9440768
1830,NA,"EH240325Si02_0006.ibw",NA,TRUE,1145836
1831,NA,"EH240325Si02_0007.ibw",NA,TRUE,1145420
1832,NA,"EH240325Si02_0008.ibw",NA,TRUE,1145374
1833,NA,"EH240325Si02_0009.ibw",NA,TRUE,1145367
1834,NA,"EH240325Si02_0010.ibw",NA,TRUE,1154852
1835,NA,"EH240325Si02_0011.ibw",NA,TRUE,1180950
1836,NA,"EH240117Si04_0000.tif",NA,TRUE,9440768
1837,NA,"EH240117Si04_0001.ibw",NA,TRUE,1149150
1838,NA,"EH240117Si04_0002.ibw",NA,TRUE,1145521
1839,NA,"EH240117Si04_0003.ibw",NA,TRUE,1145941
1840,NA,"EH240117Si04_0004.tif",NA,TRUE,9440768
1841,NA,"EH240117Si04_0005.tif",NA,TRUE,9440768
1842,NA,"NCHTip370000.tif",NA,TRUE,9440768
1843,NA,"20240516_TOSU_EH_XRD_EH20240512Si01CuPc_General_01.rasx",NA,TRUE,11730
1844,NA,"20240516_TOSU_EH_XRR_EH20240512Si01CuPc_Reflectivity_01.rasx",NA,TRUE,8878
1845,NA,"20240517_TOSU_EH_XRD_EH20240512Si02CuPc_General_01.rasx",NA,TRUE,11684
1846,NA,"20240517_TOSU_EH_XRD_EH20240512Si03CuPc_General_01.rasx",NA,TRUE,11708
1847,NA,"20240517_TOSU_EH_XRR_EH20240512Si02CuPc_Reflectivity_01.rasx",NA,TRUE,8977
1848,NA,"20240517_TOSU_EH_XRR_EH20240512Si03CuPc_Reflectivity_01.rasx",NA,TRUE,9022
1887,NA,"20241008_Ojeda_EH_AFM_EH20240913Si01CuPc_20241008_+Vision__001.jpg",NA,TRUE,49642
1888,NA,"20241008_Ojeda_EH_AFM_EH20240913Si01CuPc_20241008_+Vision__002.jpg",NA,TRUE,237703
1889,NA,"20241008_Ojeda_EH_AFM_EH20240913Si01CuPc_20241008_+Vision__003.jpg",NA,TRUE,238554
1890,NA,"20241008_Ojeda_EH_AFM_EH20240913Si01CuPc_20241008_+Vision__004.jpg",NA,TRUE,237810
1891,NA,"20241008_Ojeda_EH_AFM_EH20240913Si01CuPc_20241008_+Vision__005.jpg",NA,TRUE,238132
1892,NA,"20241008_Ojeda_EH_AFM_EH20240913Si01CuPc_20241008_+Vision__006.jpg",NA,TRUE,237654
1893,NA,"20241008_Ojeda_EH_AFM_EH20240913Si01CuPc_20241008_+Vision__007.jpg",NA,TRUE,238586
1894,NA,"20241008_Ojeda_EH_AFM_EH20240913Si01CuPc_20241008_+Vision__008.jpg",NA,TRUE,238538
1895,NA,"20241008_Ojeda_EH_AFM_EH20240913Si01CuPc_20241008_+Vision__010.jpg",NA,TRUE,238721
1896,NA,"20241008_Ojeda_EH_AFM_EH20240913Si01CuPc_20241008_+Vision__011.jpg",NA,TRUE,238894
1897,NA,"20241008_Ojeda_EH_AFM_EH20240913Si01CuPc_20241008_+Vision__012.jpg",NA,TRUE,239186
1898,NA,"20241008_Ojeda_EH_AFM_EH20240913Si01CuPc_20241008_+Vision__013.jpg",NA,TRUE,239160
1899,NA,"20241008_Ojeda_EH_AFM_EH20240913Si01CuPc_20241008_+Vision__014.jpg",NA,TRUE,239502
1900,NA,"20241008_Ojeda_EH_AFM_EH20240913Si01CuPc_20241008_+Vision__015.jpg",NA,TRUE,238969
1901,NA,"20241008_Ojeda_EH_AFM_EH20240913Si01CuPc_20241008_+Vision__016.jpg",NA,TRUE,239025
1902,NA,"20241008_Ojeda_EH_AFM_EH20240913Si01CuPc_20241008_+Vision__017.jpg",NA,TRUE,239803
1903,NA,"20241008_Ojeda_EH_AFM_EH20240913Si01CuPc_20241008_+Vision__018.jpg",NA,TRUE,239350
1904,NA,"20241008_Ojeda_EH_AFM_EH20240913Si01CuPc_20241008_+Vision__019.jpg",NA,TRUE,239766
1905,NA,"20241008_Ojeda_EH_AFM_EH20240913Si01CuPc_20241008_+Vision__020.jpg",NA,TRUE,238997
1906,NA,"20241008_Ojeda_EH_AFM_EH20240913Si01CuPc_20241008_+Vision__021.jpg",NA,TRUE,239364
1907,NA,"20241008_Ojeda_EH_AFM_EH20240913Si01CuPc_20241008_+Vision__022.jpg",NA,TRUE,239793
1908,NA,"20241008_Ojeda_EH_AFM_EH20240913Si01CuPc_20241008_+Vision__023.jpg",NA,TRUE,239446
1909,NA,"20241008_Ojeda_EH_AFM_EH20240913Si01CuPc_20241008_+Vision__024.jpg",NA,TRUE,240286
1910,NA,"20241008_Ojeda_EH_AFM_EH20240913Si01CuPc_20241008_+Vision__025.jpg",NA,TRUE,240484
1911,NA,"20241008_Ojeda_EH_AFM_EH20240913Si01CuPc_20241008_+Vision__026.jpg",NA,TRUE,240683
1912,NA,"20241008_Ojeda_EH_AFM_EH20240913Si01CuPc_20241008_+Vision__027.jpg",NA,TRUE,240947
1913,NA,"20241008_Ojeda_EH_AFM_EH20240913Si01CuPc_20241008_+Vision__028.jpg",NA,TRUE,240597
1914,NA,"20241008_Ojeda_EH_AFM_EH20240913Si01CuPc_20241008_+Vision__029.jpg",NA,TRUE,241041
1915,NA,"20241008_Ojeda_EH_AFM_EH20240913Si01CuPc_20241008_+Vision__030.jpg",NA,TRUE,240646
1916,NA,"20241008_Ojeda_EH_AFM_EH20240913Si01CuPc_20241008_+Vision__031.jpg",NA,TRUE,240784
1917,NA,"20241008_Ojeda_EH_AFM_EH20240913Si01CuPc_20241008_1.0x1.0+Error Signal_Backward_005.tiff",NA,TRUE,330507
1918,NA,"20241008_Ojeda_EH_AFM_EH20240913Si01CuPc_20241008_1.0x1.0+Error Signal_Backward_006.tiff",NA,TRUE,330507
1919,NA,"20241008_Ojeda_EH_AFM_EH20240913Si01CuPc_20241008_1.0x1.0+Error Signal_Backward_007.tiff",NA,TRUE,330507
1920,NA,"20241008_Ojeda_EH_AFM_EH20240913Si01CuPc_20241008_1.0x1.0+Error Signal_Backward_008.tiff",NA,TRUE,330507
1921,NA,"20241008_Ojeda_EH_AFM_EH20240913Si01CuPc_20241008_1.0x1.0+Error Signal_Backward_010.tiff",NA,TRUE,330507
1922,NA,"20241008_Ojeda_EH_AFM_EH20240913Si01CuPc_20241008_1.0x1.0+Error Signal_Backward_011.tiff",NA,TRUE,330507
1923,NA,"20241008_Ojeda_EH_AFM_EH20240913Si01CuPc_20241008_1.0x1.0+Error Signal_Backward_012.tiff",NA,TRUE,330507
1924,NA,"20241008_Ojeda_EH_AFM_EH20240913Si01CuPc_20241008_1.0x1.0+Error Signal_Backward_013.tiff",NA,TRUE,330507
1925,NA,"20241008_Ojeda_EH_AFM_EH20240913Si01CuPc_20241008_1.0x1.0+Error Signal_Backward_014.tiff",NA,TRUE,330507
1926,NA,"20241008_Ojeda_EH_AFM_EH20240913Si01CuPc_20241008_1.0x1.0+Error Signal_Backward_015.tiff",NA,TRUE,330507
1927,NA,"20241008_Ojeda_EH_AFM_EH20240913Si01CuPc_20241008_1.0x1.0+Error Signal_Backward_016.tiff",NA,TRUE,330507
1928,NA,"20241008_Ojeda_EH_AFM_EH20240913Si01CuPc_20241008_1.0x1.0+Error Signal_Backward_017.tiff",NA,TRUE,330507
1929,NA,"20241008_Ojeda_EH_AFM_EH20240913Si01CuPc_20241008_1.0x1.0+Error Signal_Backward_018.tiff",NA,TRUE,330507
1930,NA,"20241008_Ojeda_EH_AFM_EH20240913Si01CuPc_20241008_1.0x1.0+Error Signal_Backward_019.tiff",NA,TRUE,330507
1931,NA,"20241008_Ojeda_EH_AFM_EH20240913Si01CuPc_20241008_1.0x1.0+Error Signal_Backward_020.tiff",NA,TRUE,330507
1932,NA,"20241008_Ojeda_EH_AFM_EH20240913Si01CuPc_20241008_1.0x1.0+Error Signal_Backward_021.tiff",NA,TRUE,330507
1933,NA,"20241008_Ojeda_EH_AFM_EH20240913Si01CuPc_20241008_1.0x1.0+Error Signal_Backward_022.tiff",NA,TRUE,330507
1934,NA,"20241008_Ojeda_EH_AFM_EH20240913Si01CuPc_20241008_1.0x1.0+Error Signal_Backward_023.tiff",NA,TRUE,330507
1935,NA,"20241008_Ojeda_EH_AFM_EH20240913Si01CuPc_20241008_1.0x1.0+Error Signal_Backward_024.tiff",NA,TRUE,133899
1936,NA,"20241008_Ojeda_EH_AFM_EH20240913Si01CuPc_20241008_1.0x1.0+Error Signal_Backward_025.tiff",NA,TRUE,330507
1937,NA,"20241008_Ojeda_EH_AFM_EH20240913Si01CuPc_20241008_1.0x1.0+Error Signal_Backward_026.tiff",NA,TRUE,330507
1938,NA,"20241008_Ojeda_EH_AFM_EH20240913Si01CuPc_20241008_1.0x1.0+Error Signal_Backward_027.tiff",NA,TRUE,330507
1939,NA,"20241008_Ojeda_EH_AFM_EH20240913Si01CuPc_20241008_1.0x1.0+Error Signal_Backward_028.tiff",NA,TRUE,330507
1940,NA,"20241008_Ojeda_EH_AFM_EH20240913Si01CuPc_20241008_1.0x1.0+Error Signal_Backward_029.tiff",NA,TRUE,330507
1941,NA,"20241008_Ojeda_EH_AFM_EH20240913Si01CuPc_20241008_1.0x1.0+Error Signal_Backward_030.tiff",NA,TRUE,330507
1942,NA,"20241008_Ojeda_EH_AFM_EH20240913Si01CuPc_20241008_1.0x1.0+Error Signal_Backward_031.tiff",NA,TRUE,330507
1943,NA,"20241008_Ojeda_EH_AFM_EH20240913Si01CuPc_20241008_1.0x1.0+Error Signal_Forward_005.tiff",NA,TRUE,330507
1944,NA,"20241008_Ojeda_EH_AFM_EH20240913Si01CuPc_20241008_1.0x1.0+Error Signal_Forward_006.tiff",NA,TRUE,330507
1945,NA,"20241008_Ojeda_EH_AFM_EH20240913Si01CuPc_20241008_1.0x1.0+Error Signal_Forward_007.tiff",NA,TRUE,330507
1946,NA,"20241008_Ojeda_EH_AFM_EH20240913Si01CuPc_20241008_1.0x1.0+Error Signal_Forward_008.tiff",NA,TRUE,330507
1947,NA,"20241008_Ojeda_EH_AFM_EH20240913Si01CuPc_20241008_1.0x1.0+Error Signal_Forward_010.tiff",NA,TRUE,330507
1948,NA,"20241008_Ojeda_EH_AFM_EH20240913Si01CuPc_20241008_1.0x1.0+Error Signal_Forward_011.tiff",NA,TRUE,330507
1949,NA,"20241008_Ojeda_EH_AFM_EH20240913Si01CuPc_20241008_1.0x1.0+Error Signal_Forward_012.tiff",NA,TRUE,330507
1950,NA,"20241008_Ojeda_EH_AFM_EH20240913Si01CuPc_20241008_1.0x1.0+Error Signal_Forward_013.tiff",NA,TRUE,330507
1951,NA,"20241008_Ojeda_EH_AFM_EH20240913Si01CuPc_20241008_1.0x1.0+Error Signal_Forward_014.tiff",NA,TRUE,330507
1952,NA,"20241008_Ojeda_EH_AFM_EH20240913Si01CuPc_20241008_1.0x1.0+Error Signal_Forward_015.tiff",NA,TRUE,330507
1953,NA,"20241008_Ojeda_EH_AFM_EH20240913Si01CuPc_20241008_1.0x1.0+Error Signal_Forward_016.tiff",NA,TRUE,330507
1954,NA,"20241008_Ojeda_EH_AFM_EH20240913Si01CuPc_20241008_1.0x1.0+Error Signal_Forward_017.tiff",NA,TRUE,330507
1955,NA,"20241008_Ojeda_EH_AFM_EH20240913Si01CuPc_20241008_1.0x1.0+Error Signal_Forward_018.tiff",NA,TRUE,330507
1956,NA,"20241008_Ojeda_EH_AFM_EH20240913Si01CuPc_20241008_1.0x1.0+Error Signal_Forward_019.tiff",NA,TRUE,330507
1957,NA,"20241008_Ojeda_EH_AFM_EH20240913Si01CuPc_20241008_1.0x1.0+Error Signal_Forward_020.tiff",NA,TRUE,330507
1958,NA,"20241008_Ojeda_EH_AFM_EH20240913Si01CuPc_20241008_1.0x1.0+Error Signal_Forward_021.tiff",NA,TRUE,330507
1959,NA,"20241008_Ojeda_EH_AFM_EH20240913Si01CuPc_20241008_1.0x1.0+Error Signal_Forward_022.tiff",NA,TRUE,330507
1960,NA,"20241008_Ojeda_EH_AFM_EH20240913Si01CuPc_20241008_1.0x1.0+Error Signal_Forward_023.tiff",NA,TRUE,330507
1961,NA,"20241008_Ojeda_EH_AFM_EH20240913Si01CuPc_20241008_1.0x1.0+Error Signal_Forward_024.tiff",NA,TRUE,133899
1962,NA,"20241008_Ojeda_EH_AFM_EH20240913Si01CuPc_20241008_1.0x1.0+Error Signal_Forward_025.tiff",NA,TRUE,330507
1963,NA,"20241008_Ojeda_EH_AFM_EH20240913Si01CuPc_20241008_1.0x1.0+Error Signal_Forward_026.tiff",NA,TRUE,330507
1964,NA,"20241008_Ojeda_EH_AFM_EH20240913Si01CuPc_20241008_1.0x1.0+Error Signal_Forward_027.tiff",NA,TRUE,330507
1965,NA,"20241008_Ojeda_EH_AFM_EH20240913Si01CuPc_20241008_1.0x1.0+Error Signal_Forward_028.tiff",NA,TRUE,330507
1966,NA,"20241008_Ojeda_EH_AFM_EH20240913Si01CuPc_20241008_1.0x1.0+Error Signal_Forward_029.tiff",NA,TRUE,330507
1967,NA,"20241008_Ojeda_EH_AFM_EH20240913Si01CuPc_20241008_1.0x1.0+Error Signal_Forward_030.tiff",NA,TRUE,330507
1968,NA,"20241008_Ojeda_EH_AFM_EH20240913Si01CuPc_20241008_1.0x1.0+Error Signal_Forward_031.tiff",NA,TRUE,330507
1969,NA,"20241008_Ojeda_EH_AFM_EH20240913Si01CuPc_20241008_1.0x1.0+NCM Amplitude_Backward_005.tiff",NA,TRUE,330507
1970,NA,"20241008_Ojeda_EH_AFM_EH20240913Si01CuPc_20241008_1.0x1.0+NCM Amplitude_Backward_006.tiff",NA,TRUE,330507
1971,NA,"20241008_Ojeda_EH_AFM_EH20240913Si01CuPc_20241008_1.0x1.0+NCM Amplitude_Backward_007.tiff",NA,TRUE,330507
1972,NA,"20241008_Ojeda_EH_AFM_EH20240913Si01CuPc_20241008_1.0x1.0+NCM Amplitude_Backward_008.tiff",NA,TRUE,330507
1973,NA,"20241008_Ojeda_EH_AFM_EH20240913Si01CuPc_20241008_1.0x1.0+NCM Amplitude_Backward_010.tiff",NA,TRUE,330507
1974,NA,"20241008_Ojeda_EH_AFM_EH20240913Si01CuPc_20241008_1.0x1.0+NCM Amplitude_Backward_011.tiff",NA,TRUE,330507
1975,NA,"20241008_Ojeda_EH_AFM_EH20240913Si01CuPc_20241008_1.0x1.0+NCM Amplitude_Backward_012.tiff",NA,TRUE,330507
1976,NA,"20241008_Ojeda_EH_AFM_EH20240913Si01CuPc_20241008_1.0x1.0+NCM Amplitude_Backward_013.tiff",NA,TRUE,330507
1977,NA,"20241008_Ojeda_EH_AFM_EH20240913Si01CuPc_20241008_1.0x1.0+NCM Amplitude_Backward_014.tiff",NA,TRUE,330507
1978,NA,"20241008_Ojeda_EH_AFM_EH20240913Si01CuPc_20241008_1.0x1.0+NCM Amplitude_Backward_015.tiff",NA,TRUE,330507
1979,NA,"20241008_Ojeda_EH_AFM_EH20240913Si01CuPc_20241008_1.0x1.0+NCM Amplitude_Backward_016.tiff",NA,TRUE,330507
1980,NA,"20241008_Ojeda_EH_AFM_EH20240913Si01CuPc_20241008_1.0x1.0+NCM Amplitude_Backward_017.tiff",NA,TRUE,330507
1981,NA,"20241008_Ojeda_EH_AFM_EH20240913Si01CuPc_20241008_1.0x1.0+NCM Amplitude_Backward_018.tiff",NA,TRUE,330507
1982,NA,"20241008_Ojeda_EH_AFM_EH20240913Si01CuPc_20241008_1.0x1.0+NCM Amplitude_Backward_019.tiff",NA,TRUE,330507
1983,NA,"20241008_Ojeda_EH_AFM_EH20240913Si01CuPc_20241008_1.0x1.0+NCM Amplitude_Backward_020.tiff",NA,TRUE,330507
1984,NA,"20241008_Ojeda_EH_AFM_EH20240913Si01CuPc_20241008_1.0x1.0+NCM Amplitude_Backward_021.tiff",NA,TRUE,330507
1985,NA,"20241008_Ojeda_EH_AFM_EH20240913Si01CuPc_20241008_1.0x1.0+NCM Amplitude_Backward_022.tiff",NA,TRUE,330507
1986,NA,"20241008_Ojeda_EH_AFM_EH20240913Si01CuPc_20241008_1.0x1.0+NCM Amplitude_Backward_023.tiff",NA,TRUE,330507
1987,NA,"20241008_Ojeda_EH_AFM_EH20240913Si01CuPc_20241008_1.0x1.0+NCM Amplitude_Backward_024.tiff",NA,TRUE,133899
1988,NA,"20241008_Ojeda_EH_AFM_EH20240913Si01CuPc_20241008_1.0x1.0+NCM Amplitude_Backward_025.tiff",NA,TRUE,330507
1989,NA,"20241008_Ojeda_EH_AFM_EH20240913Si01CuPc_20241008_1.0x1.0+NCM Amplitude_Backward_026.tiff",NA,TRUE,330507
1990,NA,"20241008_Ojeda_EH_AFM_EH20240913Si01CuPc_20241008_1.0x1.0+NCM Amplitude_Backward_027.tiff",NA,TRUE,330507
1991,NA,"20241008_Ojeda_EH_AFM_EH20240913Si01CuPc_20241008_1.0x1.0+NCM Amplitude_Backward_028.tiff",NA,TRUE,330507
1992,NA,"20241008_Ojeda_EH_AFM_EH20240913Si01CuPc_20241008_1.0x1.0+NCM Amplitude_Backward_029.tiff",NA,TRUE,330507
1993,NA,"20241008_Ojeda_EH_AFM_EH20240913Si01CuPc_20241008_1.0x1.0+NCM Amplitude_Backward_030.tiff",NA,TRUE,330507
1994,NA,"20241008_Ojeda_EH_AFM_EH20240913Si01CuPc_20241008_1.0x1.0+NCM Amplitude_Backward_031.tiff",NA,TRUE,330507
1995,NA,"20241008_Ojeda_EH_AFM_EH20240913Si01CuPc_20241008_1.0x1.0+NCM Amplitude_Forward_005.tiff",NA,TRUE,330507
1996,NA,"20241008_Ojeda_EH_AFM_EH20240913Si01CuPc_20241008_1.0x1.0+NCM Amplitude_Forward_006.tiff",NA,TRUE,330507
1997,NA,"20241008_Ojeda_EH_AFM_EH20240913Si01CuPc_20241008_1.0x1.0+NCM Amplitude_Forward_007.tiff",NA,TRUE,330507
1998,NA,"20241008_Ojeda_EH_AFM_EH20240913Si01CuPc_20241008_1.0x1.0+NCM Amplitude_Forward_008.tiff",NA,TRUE,330507
1999,NA,"20241008_Ojeda_EH_AFM_EH20240913Si01CuPc_20241008_1.0x1.0+NCM Amplitude_Forward_010.tiff",NA,TRUE,330507
2000,NA,"20241008_Ojeda_EH_AFM_EH20240913Si01CuPc_20241008_1.0x1.0+NCM Amplitude_Forward_011.tiff",NA,TRUE,330507
2001,NA,"20241008_Ojeda_EH_AFM_EH20240913Si01CuPc_20241008_1.0x1.0+NCM Amplitude_Forward_012.tiff",NA,TRUE,330507
2002,NA,"20241008_Ojeda_EH_AFM_EH20240913Si01CuPc_20241008_1.0x1.0+NCM Amplitude_Forward_013.tiff",NA,TRUE,330507
2003,NA,"20241008_Ojeda_EH_AFM_EH20240913Si01CuPc_20241008_1.0x1.0+NCM Amplitude_Forward_014.tiff",NA,TRUE,330507
2004,NA,"20241008_Ojeda_EH_AFM_EH20240913Si01CuPc_20241008_1.0x1.0+NCM Amplitude_Forward_015.tiff",NA,TRUE,330507
2005,NA,"20241008_Ojeda_EH_AFM_EH20240913Si01CuPc_20241008_1.0x1.0+NCM Amplitude_Forward_016.tiff",NA,TRUE,330507
2006,NA,"20241008_Ojeda_EH_AFM_EH20240913Si01CuPc_20241008_1.0x1.0+NCM Amplitude_Forward_017.tiff",NA,TRUE,330507
2007,NA,"20241008_Ojeda_EH_AFM_EH20240913Si01CuPc_20241008_1.0x1.0+NCM Amplitude_Forward_018.tiff",NA,TRUE,330507
2008,NA,"20241008_Ojeda_EH_AFM_EH20240913Si01CuPc_20241008_1.0x1.0+NCM Amplitude_Forward_019.tiff",NA,TRUE,330507
2009,NA,"20241008_Ojeda_EH_AFM_EH20240913Si01CuPc_20241008_1.0x1.0+NCM Amplitude_Forward_020.tiff",NA,TRUE,330507
2010,NA,"20241008_Ojeda_EH_AFM_EH20240913Si01CuPc_20241008_1.0x1.0+NCM Amplitude_Forward_021.tiff",NA,TRUE,330507
2011,NA,"20241008_Ojeda_EH_AFM_EH20240913Si01CuPc_20241008_1.0x1.0+NCM Amplitude_Forward_022.tiff",NA,TRUE,330507
2012,NA,"20241008_Ojeda_EH_AFM_EH20240913Si01CuPc_20241008_1.0x1.0+NCM Amplitude_Forward_023.tiff",NA,TRUE,330507
2013,NA,"20241008_Ojeda_EH_AFM_EH20240913Si01CuPc_20241008_1.0x1.0+NCM Amplitude_Forward_024.tiff",NA,TRUE,133899
2014,NA,"20241008_Ojeda_EH_AFM_EH20240913Si01CuPc_20241008_1.0x1.0+NCM Amplitude_Forward_025.tiff",NA,TRUE,330507
2015,NA,"20241008_Ojeda_EH_AFM_EH20240913Si01CuPc_20241008_1.0x1.0+NCM Amplitude_Forward_026.tiff",NA,TRUE,330507
2016,NA,"20241008_Ojeda_EH_AFM_EH20240913Si01CuPc_20241008_1.0x1.0+NCM Amplitude_Forward_027.tiff",NA,TRUE,330507
2017,NA,"20241008_Ojeda_EH_AFM_EH20240913Si01CuPc_20241008_1.0x1.0+NCM Amplitude_Forward_028.tiff",NA,TRUE,330507
2018,NA,"20241008_Ojeda_EH_AFM_EH20240913Si01CuPc_20241008_1.0x1.0+NCM Amplitude_Forward_029.tiff",NA,TRUE,330507
2019,NA,"20241008_Ojeda_EH_AFM_EH20240913Si01CuPc_20241008_1.0x1.0+NCM Amplitude_Forward_030.tiff",NA,TRUE,330507
2020,NA,"20241008_Ojeda_EH_AFM_EH20240913Si01CuPc_20241008_1.0x1.0+NCM Amplitude_Forward_031.tiff",NA,TRUE,330507
2021,NA,"20241008_Ojeda_EH_AFM_EH20240913Si01CuPc_20241008_1.0x1.0+NCM Phase_Backward_005.tiff",NA,TRUE,330507
2022,NA,"20241008_Ojeda_EH_AFM_EH20240913Si01CuPc_20241008_1.0x1.0+NCM Phase_Backward_006.tiff",NA,TRUE,330507
2023,NA,"20241008_Ojeda_EH_AFM_EH20240913Si01CuPc_20241008_1.0x1.0+NCM Phase_Backward_007.tiff",NA,TRUE,330507
2024,NA,"20241008_Ojeda_EH_AFM_EH20240913Si01CuPc_20241008_1.0x1.0+NCM Phase_Backward_008.tiff",NA,TRUE,330507
2025,NA,"20241008_Ojeda_EH_AFM_EH20240913Si01CuPc_20241008_1.0x1.0+NCM Phase_Backward_010.tiff",NA,TRUE,330507
2026,NA,"20241008_Ojeda_EH_AFM_EH20240913Si01CuPc_20241008_1.0x1.0+NCM Phase_Backward_011.tiff",NA,TRUE,330507
2027,NA,"20241008_Ojeda_EH_AFM_EH20240913Si01CuPc_20241008_1.0x1.0+NCM Phase_Backward_012.tiff",NA,TRUE,330507
2028,NA,"20241008_Ojeda_EH_AFM_EH20240913Si01CuPc_20241008_1.0x1.0+NCM Phase_Backward_013.tiff",NA,TRUE,330507
2029,NA,"20241008_Ojeda_EH_AFM_EH20240913Si01CuPc_20241008_1.0x1.0+NCM Phase_Backward_014.tiff",NA,TRUE,330507
2030,NA,"20241008_Ojeda_EH_AFM_EH20240913Si01CuPc_20241008_1.0x1.0+NCM Phase_Backward_015.tiff",NA,TRUE,330507
2031,NA,"20241008_Ojeda_EH_AFM_EH20240913Si01CuPc_20241008_1.0x1.0+NCM Phase_Backward_016.tiff",NA,TRUE,330507
2032,NA,"20241008_Ojeda_EH_AFM_EH20240913Si01CuPc_20241008_1.0x1.0+NCM Phase_Backward_017.tiff",NA,TRUE,330507
2033,NA,"20241008_Ojeda_EH_AFM_EH20240913Si01CuPc_20241008_1.0x1.0+NCM Phase_Backward_018.tiff",NA,TRUE,330507
2034,NA,"20241008_Ojeda_EH_AFM_EH20240913Si01CuPc_20241008_1.0x1.0+NCM Phase_Backward_019.tiff",NA,TRUE,330507
2035,NA,"20241008_Ojeda_EH_AFM_EH20240913Si01CuPc_20241008_1.0x1.0+NCM Phase_Backward_020.tiff",NA,TRUE,330507
2036,NA,"20241008_Ojeda_EH_AFM_EH20240913Si01CuPc_20241008_1.0x1.0+NCM Phase_Backward_021.tiff",NA,TRUE,330507
2037,NA,"20241008_Ojeda_EH_AFM_EH20240913Si01CuPc_20241008_1.0x1.0+NCM Phase_Backward_022.tiff",NA,TRUE,330507
2038,NA,"20241008_Ojeda_EH_AFM_EH20240913Si01CuPc_20241008_1.0x1.0+NCM Phase_Backward_023.tiff",NA,TRUE,330507
2039,NA,"20241008_Ojeda_EH_AFM_EH20240913Si01CuPc_20241008_1.0x1.0+NCM Phase_Backward_024.tiff",NA,TRUE,133899
2040,NA,"20241008_Ojeda_EH_AFM_EH20240913Si01CuPc_20241008_1.0x1.0+NCM Phase_Backward_025.tiff",NA,TRUE,330507
2041,NA,"20241008_Ojeda_EH_AFM_EH20240913Si01CuPc_20241008_1.0x1.0+NCM Phase_Backward_026.tiff",NA,TRUE,330507
2042,NA,"20241008_Ojeda_EH_AFM_EH20240913Si01CuPc_20241008_1.0x1.0+NCM Phase_Backward_027.tiff",NA,TRUE,330507
2043,NA,"20241008_Ojeda_EH_AFM_EH20240913Si01CuPc_20241008_1.0x1.0+NCM Phase_Backward_028.tiff",NA,TRUE,330507
2044,NA,"20241008_Ojeda_EH_AFM_EH20240913Si01CuPc_20241008_1.0x1.0+NCM Phase_Backward_029.tiff",NA,TRUE,330507
2045,NA,"20241008_Ojeda_EH_AFM_EH20240913Si01CuPc_20241008_1.0x1.0+NCM Phase_Backward_030.tiff",NA,TRUE,330507
2046,NA,"20241008_Ojeda_EH_AFM_EH20240913Si01CuPc_20241008_1.0x1.0+NCM Phase_Backward_031.tiff",NA,TRUE,330507
2047,NA,"20241008_Ojeda_EH_AFM_EH20240913Si01CuPc_20241008_1.0x1.0+NCM Phase_Forward_005.tiff",NA,TRUE,330507
2048,NA,"20241008_Ojeda_EH_AFM_EH20240913Si01CuPc_20241008_1.0x1.0+NCM Phase_Forward_006.tiff",NA,TRUE,330507
2049,NA,"20241008_Ojeda_EH_AFM_EH20240913Si01CuPc_20241008_1.0x1.0+NCM Phase_Forward_007.tiff",NA,TRUE,330507
2050,NA,"20241008_Ojeda_EH_AFM_EH20240913Si01CuPc_20241008_1.0x1.0+NCM Phase_Forward_008.tiff",NA,TRUE,330507
2051,NA,"20241008_Ojeda_EH_AFM_EH20240913Si01CuPc_20241008_1.0x1.0+NCM Phase_Forward_010.tiff",NA,TRUE,330507
2052,NA,"20241008_Ojeda_EH_AFM_EH20240913Si01CuPc_20241008_1.0x1.0+NCM Phase_Forward_011.tiff",NA,TRUE,330507
2053,NA,"20241008_Ojeda_EH_AFM_EH20240913Si01CuPc_20241008_1.0x1.0+NCM Phase_Forward_012.tiff",NA,TRUE,330507
2054,NA,"20241008_Ojeda_EH_AFM_EH20240913Si01CuPc_20241008_1.0x1.0+NCM Phase_Forward_013.tiff",NA,TRUE,330507
2055,NA,"20241008_Ojeda_EH_AFM_EH20240913Si01CuPc_20241008_1.0x1.0+NCM Phase_Forward_014.tiff",NA,TRUE,330507
2056,NA,"20241008_Ojeda_EH_AFM_EH20240913Si01CuPc_20241008_1.0x1.0+NCM Phase_Forward_015.tiff",NA,TRUE,330507
2057,NA,"20241008_Ojeda_EH_AFM_EH20240913Si01CuPc_20241008_1.0x1.0+NCM Phase_Forward_016.tiff",NA,TRUE,330507
2058,NA,"20241008_Ojeda_EH_AFM_EH20240913Si01CuPc_20241008_1.0x1.0+NCM Phase_Forward_017.tiff",NA,TRUE,330507
2059,NA,"20241008_Ojeda_EH_AFM_EH20240913Si01CuPc_20241008_1.0x1.0+NCM Phase_Forward_018.tiff",NA,TRUE,330507
2060,NA,"20241008_Ojeda_EH_AFM_EH20240913Si01CuPc_20241008_1.0x1.0+NCM Phase_Forward_019.tiff",NA,TRUE,330507
2061,NA,"20241008_Ojeda_EH_AFM_EH20240913Si01CuPc_20241008_1.0x1.0+NCM Phase_Forward_020.tiff",NA,TRUE,330507
2062,NA,"20241008_Ojeda_EH_AFM_EH20240913Si01CuPc_20241008_1.0x1.0+NCM Phase_Forward_021.tiff",NA,TRUE,330507
2063,NA,"20241008_Ojeda_EH_AFM_EH20240913Si01CuPc_20241008_1.0x1.0+NCM Phase_Forward_022.tiff",NA,TRUE,330507
2064,NA,"20241008_Ojeda_EH_AFM_EH20240913Si01CuPc_20241008_1.0x1.0+NCM Phase_Forward_023.tiff",NA,TRUE,330507
2065,NA,"20241008_Ojeda_EH_AFM_EH20240913Si01CuPc_20241008_1.0x1.0+NCM Phase_Forward_024.tiff",NA,TRUE,133899
2066,NA,"20241008_Ojeda_EH_AFM_EH20240913Si01CuPc_20241008_1.0x1.0+NCM Phase_Forward_025.tiff",NA,TRUE,330507
2067,NA,"20241008_Ojeda_EH_AFM_EH20240913Si01CuPc_20241008_1.0x1.0+NCM Phase_Forward_026.tiff",NA,TRUE,330507
2068,NA,"20241008_Ojeda_EH_AFM_EH20240913Si01CuPc_20241008_1.0x1.0+NCM Phase_Forward_027.tiff",NA,TRUE,330507
2069,NA,"20241008_Ojeda_EH_AFM_EH20240913Si01CuPc_20241008_1.0x1.0+NCM Phase_Forward_028.tiff",NA,TRUE,330507
2070,NA,"20241008_Ojeda_EH_AFM_EH20240913Si01CuPc_20241008_1.0x1.0+NCM Phase_Forward_029.tiff",NA,TRUE,330507
2071,NA,"20241008_Ojeda_EH_AFM_EH20240913Si01CuPc_20241008_1.0x1.0+NCM Phase_Forward_030.tiff",NA,TRUE,330507
2072,NA,"20241008_Ojeda_EH_AFM_EH20240913Si01CuPc_20241008_1.0x1.0+NCM Phase_Forward_031.tiff",NA,TRUE,330507
2073,NA,"20241008_Ojeda_EH_AFM_EH20240913Si01CuPc_20241008_1.0x1.0+Topography_Backward_005.tiff",NA,TRUE,330507
2074,NA,"20241008_Ojeda_EH_AFM_EH20240913Si01CuPc_20241008_1.0x1.0+Topography_Backward_006.tiff",NA,TRUE,330507
2075,NA,"20241008_Ojeda_EH_AFM_EH20240913Si01CuPc_20241008_1.0x1.0+Topography_Backward_007.tiff",NA,TRUE,330507
2076,NA,"20241008_Ojeda_EH_AFM_EH20240913Si01CuPc_20241008_1.0x1.0+Topography_Backward_008.tiff",NA,TRUE,330507
2077,NA,"20241008_Ojeda_EH_AFM_EH20240913Si01CuPc_20241008_1.0x1.0+Topography_Backward_010.tiff",NA,TRUE,330507
2078,NA,"20241008_Ojeda_EH_AFM_EH20240913Si01CuPc_20241008_1.0x1.0+Topography_Backward_011.tiff",NA,TRUE,330507
2079,NA,"20241008_Ojeda_EH_AFM_EH20240913Si01CuPc_20241008_1.0x1.0+Topography_Backward_012.tiff",NA,TRUE,330507
2080,NA,"20241008_Ojeda_EH_AFM_EH20240913Si01CuPc_20241008_1.0x1.0+Topography_Backward_013.tiff",NA,TRUE,330507
2081,NA,"20241008_Ojeda_EH_AFM_EH20240913Si01CuPc_20241008_1.0x1.0+Topography_Backward_014.tiff",NA,TRUE,330507
2082,NA,"20241008_Ojeda_EH_AFM_EH20240913Si01CuPc_20241008_1.0x1.0+Topography_Backward_015.tiff",NA,TRUE,330507
2083,NA,"20241008_Ojeda_EH_AFM_EH20240913Si01CuPc_20241008_1.0x1.0+Topography_Backward_016.tiff",NA,TRUE,330507
2084,NA,"20241008_Ojeda_EH_AFM_EH20240913Si01CuPc_20241008_1.0x1.0+Topography_Backward_017.tiff",NA,TRUE,330507
2085,NA,"20241008_Ojeda_EH_AFM_EH20240913Si01CuPc_20241008_1.0x1.0+Topography_Backward_018.tiff",NA,TRUE,330507
2086,NA,"20241008_Ojeda_EH_AFM_EH20240913Si01CuPc_20241008_1.0x1.0+Topography_Backward_019.tiff",NA,TRUE,330507
2087,NA,"20241008_Ojeda_EH_AFM_EH20240913Si01CuPc_20241008_1.0x1.0+Topography_Backward_020.tiff",NA,TRUE,330507
2088,NA,"20241008_Ojeda_EH_AFM_EH20240913Si01CuPc_20241008_1.0x1.0+Topography_Backward_021.tiff",NA,TRUE,330507
2089,NA,"20241008_Ojeda_EH_AFM_EH20240913Si01CuPc_20241008_1.0x1.0+Topography_Backward_022.tiff",NA,TRUE,330507
2090,NA,"20241008_Ojeda_EH_AFM_EH20240913Si01CuPc_20241008_1.0x1.0+Topography_Backward_023.tiff",NA,TRUE,330507
2091,NA,"20241008_Ojeda_EH_AFM_EH20240913Si01CuPc_20241008_1.0x1.0+Topography_Backward_024.tiff",NA,TRUE,133899
2092,NA,"20241008_Ojeda_EH_AFM_EH20240913Si01CuPc_20241008_1.0x1.0+Topography_Backward_025.tiff",NA,TRUE,330507
2093,NA,"20241008_Ojeda_EH_AFM_EH20240913Si01CuPc_20241008_1.0x1.0+Topography_Backward_026.tiff",NA,TRUE,330507
2094,NA,"20241008_Ojeda_EH_AFM_EH20240913Si01CuPc_20241008_1.0x1.0+Topography_Backward_027.tiff",NA,TRUE,330507
2095,NA,"20241008_Ojeda_EH_AFM_EH20240913Si01CuPc_20241008_1.0x1.0+Topography_Backward_028.tiff",NA,TRUE,330507
2096,NA,"20241008_Ojeda_EH_AFM_EH20240913Si01CuPc_20241008_1.0x1.0+Topography_Backward_029.tiff",NA,TRUE,330507
2097,NA,"20241008_Ojeda_EH_AFM_EH20240913Si01CuPc_20241008_1.0x1.0+Topography_Backward_030.tiff",NA,TRUE,330507
2098,NA,"20241008_Ojeda_EH_AFM_EH20240913Si01CuPc_20241008_1.0x1.0+Topography_Backward_031.tiff",NA,TRUE,330507
2099,NA,"20241008_Ojeda_EH_AFM_EH20240913Si01CuPc_20241008_1.0x1.0+Topography_Forward_005.tiff",NA,TRUE,330507
2100,NA,"20241008_Ojeda_EH_AFM_EH20240913Si01CuPc_20241008_1.0x1.0+Topography_Forward_006.tiff",NA,TRUE,330507
2101,NA,"20241008_Ojeda_EH_AFM_EH20240913Si01CuPc_20241008_1.0x1.0+Topography_Forward_007.tiff",NA,TRUE,330507
2102,NA,"20241008_Ojeda_EH_AFM_EH20240913Si01CuPc_20241008_1.0x1.0+Topography_Forward_008.tiff",NA,TRUE,330507
2103,NA,"20241008_Ojeda_EH_AFM_EH20240913Si01CuPc_20241008_1.0x1.0+Topography_Forward_010.tiff",NA,TRUE,330507
2104,NA,"20241008_Ojeda_EH_AFM_EH20240913Si01CuPc_20241008_1.0x1.0+Topography_Forward_011.tiff",NA,TRUE,330507
2105,NA,"20241008_Ojeda_EH_AFM_EH20240913Si01CuPc_20241008_1.0x1.0+Topography_Forward_012.tiff",NA,TRUE,330507
2106,NA,"20241008_Ojeda_EH_AFM_EH20240913Si01CuPc_20241008_1.0x1.0+Topography_Forward_013.tiff",NA,TRUE,330507
2107,NA,"20241008_Ojeda_EH_AFM_EH20240913Si01CuPc_20241008_1.0x1.0+Topography_Forward_014.tiff",NA,TRUE,330507
2108,NA,"20241008_Ojeda_EH_AFM_EH20240913Si01CuPc_20241008_1.0x1.0+Topography_Forward_015.tiff",NA,TRUE,330507
2109,NA,"20241008_Ojeda_EH_AFM_EH20240913Si01CuPc_20241008_1.0x1.0+Topography_Forward_016.tiff",NA,TRUE,330507
2110,NA,"20241008_Ojeda_EH_AFM_EH20240913Si01CuPc_20241008_1.0x1.0+Topography_Forward_017.tiff",NA,TRUE,330507
2111,NA,"20241008_Ojeda_EH_AFM_EH20240913Si01CuPc_20241008_1.0x1.0+Topography_Forward_018.tiff",NA,TRUE,330507
2112,NA,"20241008_Ojeda_EH_AFM_EH20240913Si01CuPc_20241008_1.0x1.0+Topography_Forward_019.tiff",NA,TRUE,330507
2113,NA,"20241008_Ojeda_EH_AFM_EH20240913Si01CuPc_20241008_1.0x1.0+Topography_Forward_020.tiff",NA,TRUE,330507
2114,NA,"20241008_Ojeda_EH_AFM_EH20240913Si01CuPc_20241008_1.0x1.0+Topography_Forward_021.tiff",NA,TRUE,330507
2115,NA,"20241008_Ojeda_EH_AFM_EH20240913Si01CuPc_20241008_1.0x1.0+Topography_Forward_022.tiff",NA,TRUE,330507
2116,NA,"20241008_Ojeda_EH_AFM_EH20240913Si01CuPc_20241008_1.0x1.0+Topography_Forward_023.tiff",NA,TRUE,330507
2117,NA,"20241008_Ojeda_EH_AFM_EH20240913Si01CuPc_20241008_1.0x1.0+Topography_Forward_024.tiff",NA,TRUE,133899
2118,NA,"20241008_Ojeda_EH_AFM_EH20240913Si01CuPc_20241008_1.0x1.0+Topography_Forward_025.tiff",NA,TRUE,330507
2119,NA,"20241008_Ojeda_EH_AFM_EH20240913Si01CuPc_20241008_1.0x1.0+Topography_Forward_026.tiff",NA,TRUE,330507
2120,NA,"20241008_Ojeda_EH_AFM_EH20240913Si01CuPc_20241008_1.0x1.0+Topography_Forward_027.tiff",NA,TRUE,330507
2121,NA,"20241008_Ojeda_EH_AFM_EH20240913Si01CuPc_20241008_1.0x1.0+Topography_Forward_028.tiff",NA,TRUE,330507
2122,NA,"20241008_Ojeda_EH_AFM_EH20240913Si01CuPc_20241008_1.0x1.0+Topography_Forward_029.tiff",NA,TRUE,330507
2123,NA,"20241008_Ojeda_EH_AFM_EH20240913Si01CuPc_20241008_1.0x1.0+Topography_Forward_030.tiff",NA,TRUE,330507
2124,NA,"20241008_Ojeda_EH_AFM_EH20240913Si01CuPc_20241008_1.0x1.0+Topography_Forward_031.tiff",NA,TRUE,330507
2125,NA,"20241008_Ojeda_EH_AFM_EH20240913Si01CuPc_20241008_1.0x1.0+Z Height_Forward_005.tiff",NA,TRUE,330507
2126,NA,"20241008_Ojeda_EH_AFM_EH20240913Si01CuPc_20241008_1.0x1.0+Z Height_Forward_006.tiff",NA,TRUE,330507
2127,NA,"20241008_Ojeda_EH_AFM_EH20240913Si01CuPc_20241008_1.0x1.0+Z Height_Forward_007.tiff",NA,TRUE,330507
2128,NA,"20241008_Ojeda_EH_AFM_EH20240913Si01CuPc_20241008_1.0x1.0+Z Height_Forward_008.tiff",NA,TRUE,330507
2129,NA,"20241008_Ojeda_EH_AFM_EH20240913Si01CuPc_20241008_1.0x1.0+Z Height_Forward_010.tiff",NA,TRUE,330507
2130,NA,"20241008_Ojeda_EH_AFM_EH20240913Si01CuPc_20241008_1.0x1.0+Z Height_Forward_011.tiff",NA,TRUE,330507
2131,NA,"20241008_Ojeda_EH_AFM_EH20240913Si01CuPc_20241008_1.0x1.0+Z Height_Forward_012.tiff",NA,TRUE,330507
2132,NA,"20241008_Ojeda_EH_AFM_EH20240913Si01CuPc_20241008_1.0x1.0+Z Height_Forward_013.tiff",NA,TRUE,330507
2133,NA,"20241008_Ojeda_EH_AFM_EH20240913Si01CuPc_20241008_1.0x1.0+Z Height_Forward_014.tiff",NA,TRUE,330507
2134,NA,"20241008_Ojeda_EH_AFM_EH20240913Si01CuPc_20241008_1.0x1.0+Z Height_Forward_015.tiff",NA,TRUE,330507
2135,NA,"20241008_Ojeda_EH_AFM_EH20240913Si01CuPc_20241008_1.0x1.0+Z Height_Forward_016.tiff",NA,TRUE,330507
2136,NA,"20241008_Ojeda_EH_AFM_EH20240913Si01CuPc_20241008_1.0x1.0+Z Height_Forward_017.tiff",NA,TRUE,330507
2137,NA,"20241008_Ojeda_EH_AFM_EH20240913Si01CuPc_20241008_1.0x1.0+Z Height_Forward_018.tiff",NA,TRUE,330507
2138,NA,"20241008_Ojeda_EH_AFM_EH20240913Si01CuPc_20241008_1.0x1.0+Z Height_Forward_019.tiff",NA,TRUE,330507
2139,NA,"20241008_Ojeda_EH_AFM_EH20240913Si01CuPc_20241008_1.0x1.0+Z Height_Forward_020.tiff",NA,TRUE,330507
2140,NA,"20241008_Ojeda_EH_AFM_EH20240913Si01CuPc_20241008_1.0x1.0+Z Height_Forward_021.tiff",NA,TRUE,330507
2141,NA,"20241008_Ojeda_EH_AFM_EH20240913Si01CuPc_20241008_1.0x1.0+Z Height_Forward_022.tiff",NA,TRUE,330507
2142,NA,"20241008_Ojeda_EH_AFM_EH20240913Si01CuPc_20241008_1.0x1.0+Z Height_Forward_023.tiff",NA,TRUE,330507
2143,NA,"20241008_Ojeda_EH_AFM_EH20240913Si01CuPc_20241008_1.0x1.0+Z Height_Forward_024.tiff",NA,TRUE,133899
2144,NA,"20241008_Ojeda_EH_AFM_EH20240913Si01CuPc_20241008_1.0x1.0+Z Height_Forward_025.tiff",NA,TRUE,330507
2145,NA,"20241008_Ojeda_EH_AFM_EH20240913Si01CuPc_20241008_1.0x1.0+Z Height_Forward_026.tiff",NA,TRUE,330507
2146,NA,"20241008_Ojeda_EH_AFM_EH20240913Si01CuPc_20241008_1.0x1.0+Z Height_Forward_027.tiff",NA,TRUE,330507
2147,NA,"20241008_Ojeda_EH_AFM_EH20240913Si01CuPc_20241008_1.0x1.0+Z Height_Forward_028.tiff",NA,TRUE,330507
2148,NA,"20241008_Ojeda_EH_AFM_EH20240913Si01CuPc_20241008_1.0x1.0+Z Height_Forward_029.tiff",NA,TRUE,330507
2149,NA,"20241008_Ojeda_EH_AFM_EH20240913Si01CuPc_20241008_1.0x1.0+Z Height_Forward_030.tiff",NA,TRUE,330507
2150,NA,"20241008_Ojeda_EH_AFM_EH20240913Si01CuPc_20241008_1.0x1.0+Z Height_Forward_031.tiff",NA,TRUE,330507
2151,NA,"20241008_Ojeda_EH_AFM_EH20240913Si01CuPc_20241008_2.0x2.0+Error Signal_Backward_003.tiff",NA,TRUE,330507
2152,NA,"20241008_Ojeda_EH_AFM_EH20240913Si01CuPc_20241008_2.0x2.0+Error Signal_Backward_004.tiff",NA,TRUE,330507
2153,NA,"20241008_Ojeda_EH_AFM_EH20240913Si01CuPc_20241008_2.0x2.0+Error Signal_Forward_003.tiff",NA,TRUE,330507
2154,NA,"20241008_Ojeda_EH_AFM_EH20240913Si01CuPc_20241008_2.0x2.0+Error Signal_Forward_004.tiff",NA,TRUE,330507
2155,NA,"20241008_Ojeda_EH_AFM_EH20240913Si01CuPc_20241008_2.0x2.0+NCM Amplitude_Backward_003.tiff",NA,TRUE,330507
2156,NA,"20241008_Ojeda_EH_AFM_EH20240913Si01CuPc_20241008_2.0x2.0+NCM Amplitude_Backward_004.tiff",NA,TRUE,330507
2157,NA,"20241008_Ojeda_EH_AFM_EH20240913Si01CuPc_20241008_2.0x2.0+NCM Amplitude_Forward_003.tiff",NA,TRUE,330507
2158,NA,"20241008_Ojeda_EH_AFM_EH20240913Si01CuPc_20241008_2.0x2.0+NCM Amplitude_Forward_004.tiff",NA,TRUE,330507
2159,NA,"20241008_Ojeda_EH_AFM_EH20240913Si01CuPc_20241008_2.0x2.0+NCM Phase_Backward_003.tiff",NA,TRUE,330507
2160,NA,"20241008_Ojeda_EH_AFM_EH20240913Si01CuPc_20241008_2.0x2.0+NCM Phase_Backward_004.tiff",NA,TRUE,330507
2161,NA,"20241008_Ojeda_EH_AFM_EH20240913Si01CuPc_20241008_2.0x2.0+NCM Phase_Forward_003.tiff",NA,TRUE,330507
2162,NA,"20241008_Ojeda_EH_AFM_EH20240913Si01CuPc_20241008_2.0x2.0+NCM Phase_Forward_004.tiff",NA,TRUE,330507
2163,NA,"20241008_Ojeda_EH_AFM_EH20240913Si01CuPc_20241008_2.0x2.0+Topography_Backward_003.tiff",NA,TRUE,330507
2164,NA,"20241008_Ojeda_EH_AFM_EH20240913Si01CuPc_20241008_2.0x2.0+Topography_Backward_004.tiff",NA,TRUE,330507
2165,NA,"20241008_Ojeda_EH_AFM_EH20240913Si01CuPc_20241008_2.0x2.0+Topography_Forward_003.tiff",NA,TRUE,330507
2166,NA,"20241008_Ojeda_EH_AFM_EH20240913Si01CuPc_20241008_2.0x2.0+Topography_Forward_004.tiff",NA,TRUE,330507
2167,NA,"20241008_Ojeda_EH_AFM_EH20240913Si01CuPc_20241008_2.0x2.0+Z Height_Forward_003.tiff",NA,TRUE,330507
2168,NA,"20241008_Ojeda_EH_AFM_EH20240913Si01CuPc_20241008_2.0x2.0+Z Height_Forward_004.tiff",NA,TRUE,330507
2169,NA,"20241008_Ojeda_EH_AFM_EH20240913Si01CuPc_20241008_5.0x5.0+Error Signal_Backward_001.tiff",NA,TRUE,133899
2170,NA,"20241008_Ojeda_EH_AFM_EH20240913Si01CuPc_20241008_5.0x5.0+Error Signal_Backward_002.tiff",NA,TRUE,133899
2171,NA,"20241008_Ojeda_EH_AFM_EH20240913Si01CuPc_20241008_5.0x5.0+Error Signal_Forward_001.tiff",NA,TRUE,133899
2172,NA,"20241008_Ojeda_EH_AFM_EH20240913Si01CuPc_20241008_5.0x5.0+Error Signal_Forward_002.tiff",NA,TRUE,133899
2173,NA,"20241008_Ojeda_EH_AFM_EH20240913Si01CuPc_20241008_5.0x5.0+NCM Amplitude_Backward_001.tiff",NA,TRUE,133899
2174,NA,"20241008_Ojeda_EH_AFM_EH20240913Si01CuPc_20241008_5.0x5.0+NCM Amplitude_Backward_002.tiff",NA,TRUE,133899
2175,NA,"20241008_Ojeda_EH_AFM_EH20240913Si01CuPc_20241008_5.0x5.0+NCM Amplitude_Forward_001.tiff",NA,TRUE,133899
2176,NA,"20241008_Ojeda_EH_AFM_EH20240913Si01CuPc_20241008_5.0x5.0+NCM Amplitude_Forward_002.tiff",NA,TRUE,133899
2177,NA,"20241008_Ojeda_EH_AFM_EH20240913Si01CuPc_20241008_5.0x5.0+NCM Phase_Backward_001.tiff",NA,TRUE,133899
2178,NA,"20241008_Ojeda_EH_AFM_EH20240913Si01CuPc_20241008_5.0x5.0+NCM Phase_Backward_002.tiff",NA,TRUE,133899
2179,NA,"20241008_Ojeda_EH_AFM_EH20240913Si01CuPc_20241008_5.0x5.0+NCM Phase_Forward_001.tiff",NA,TRUE,133899
2180,NA,"20241008_Ojeda_EH_AFM_EH20240913Si01CuPc_20241008_5.0x5.0+NCM Phase_Forward_002.tiff",NA,TRUE,133899
2181,NA,"20241008_Ojeda_EH_AFM_EH20240913Si01CuPc_20241008_5.0x5.0+Topography_Forward_001.tiff",NA,TRUE,133899
2182,NA,"20241008_Ojeda_EH_AFM_EH20240913Si01CuPc_20241008_5.0x5.0+Topography_Backward_002.tiff",NA,TRUE,133899
2183,NA,"20241008_Ojeda_EH_AFM_EH20240913Si01CuPc_20241008_5.0x5.0+Topography_Forward_002.tiff",NA,TRUE,133899
2184,NA,"20241008_Ojeda_EH_AFM_EH20240913Si01CuPc_20241008_5.0x5.0+Z Height_Forward_001.tiff",NA,TRUE,133899
2185,NA,"20241008_Ojeda_EH_AFM_EH20240913Si01CuPc_20241008_5.0x5.0+Z Height_Forward_002.tiff",NA,TRUE,133899
2186,NA,"EH20240913Si01CuPc_Location1.png",NA,TRUE,1051105
2193,NA,"20240729_OjedaTransport_EH_XRR_EH20240712Si01CuPc_Reflectivity_01.asc",NA,TRUE,6856
2194,NA,"20240729_OjedaTransport_EH_XRR_EH20240712Si01CuPc_Reflectivity_01.rasx",NA,TRUE,8969
2195,NA,"20270729_OjedaTransport_EH_XRD_EH20240712Si01CuPc_General_01.asc",NA,TRUE,10636
2196,NA,"20270729_OjedaTransport_EH_XRD_EH20240712Si01CuPc_General_01.rasx",NA,TRUE,11739
2197,NA,"20240916_OjedaTransport_EH_XRD_EH20240913Si01CuPc_General_01.asc",NA,TRUE,10128
2198,NA,"20240916_OjedaTransport_EH_XRD_EH20240913Si01CuPc_General_01.rasx",NA,TRUE,11398
2199,NA,"20240916_OjedaTransport_EH_XRD_EH20240913Si02CuPc_General_01.asc",NA,TRUE,10042
2200,NA,"20240916_OjedaTransport_EH_XRD_EH20240913Si02CuPc_General_01.rasx",NA,TRUE,11403
2201,NA,"20240916_OjedaTransport_EH_XRR_EH20240913Si01CuPc_Reflectivity_01.asc",NA,TRUE,7026
2202,NA,"20240916_OjedaTransport_EH_XRR_EH20240913Si01CuPc_Reflectivity_01.rasx",NA,TRUE,8956
2203,NA,"20240916_OjedaTransport_EH_XRR_EH20240913Si02CuPc_Reflectivity_01.asc",NA,TRUE,6964
2204,NA,"20240916_OjedaTransport_EH_XRR_EH20240913Si02CuPc_Reflectivity_01.rasx",NA,TRUE,8923
2248,NA,"20231113_Bithermal_EH_XRD_EH20231106Si01CuPc_General_01.asc",NA,TRUE,9519
2249,NA,"20231113_Bithermal_EH_XRD_EH20231106Si01CuPc_General_01.rasx",NA,TRUE,11152
2250,NA,"20231113_Bithermal_EH_XRD_EH20231106Si02CuPc_General_01.asc",NA,TRUE,9447
2251,NA,"20231113_Bithermal_EH_XRD_EH20231106Si02CuPc_General_01.rasx",NA,TRUE,11056
2252,NA,"20231113_Bithermal_EH_XRD_EH20231106Si03CuPc_General_01.asc",NA,TRUE,9516
2253,NA,"20231113_Bithermal_EH_XRD_EH20231106Si03CuPc_General_01.rasx",NA,TRUE,11115
2254,NA,"20231113_Bithermal_EH_XRD_EH20231106Si04CuPc_General_01.asc",NA,TRUE,9528
2255,NA,"20231113_Bithermal_EH_XRD_EH20231106Si04CuPc_General_01.rasx",NA,TRUE,11169
2256,NA,"20231113_Bithermal_EH_XRR_EH20231106Si01CuPc_Reflectivity_01.asc",NA,TRUE,7169
2257,NA,"20231113_Bithermal_EH_XRR_EH20231106Si01CuPc_Reflectivity_01.rasx",NA,TRUE,9172
2258,NA,"20231113_Bithermal_EH_XRR_EH20231106Si02CuPc_Reflectivity_01.asc",NA,TRUE,7234
2259,NA,"20231113_Bithermal_EH_XRR_EH20231106Si02CuPc_Reflectivity_01.rasx",NA,TRUE,9200
2260,NA,"20231113_Bithermal_EH_XRR_EH20231106Si03CuPc_Reflectivity_01.asc",NA,TRUE,7189
2261,NA,"20231113_Bithermal_EH_XRR_EH20231106Si03CuPc_Reflectivity_01.rasx",NA,TRUE,9209
2262,NA,"20231113_Bithermal_EH_XRR_EH20231106Si04CuPc_Reflectivity_01.asc",NA,TRUE,7178
2263,NA,"20231113_Bithermal_EH_XRR_EH20231106Si04CuPc_Reflectivity_01.rasx",NA,TRUE,9171
2264,NA,"20231113_Bithermal_EH_XRD_EH20231106Si01CuPc_General_01.asc",NA,TRUE,9519
2265,NA,"20231113_Bithermal_EH_XRD_EH20231106Si01CuPc_General_01.rasx",NA,TRUE,11152
2266,NA,"20231113_Bithermal_EH_XRD_EH20231106Si02CuPc_General_01.asc",NA,TRUE,9447
2267,NA,"20231113_Bithermal_EH_XRD_EH20231106Si02CuPc_General_01.rasx",NA,TRUE,11056
2268,NA,"20231113_Bithermal_EH_XRD_EH20231106Si03CuPc_General_01.asc",NA,TRUE,9516
2269,NA,"20231113_Bithermal_EH_XRD_EH20231106Si03CuPc_General_01.rasx",NA,TRUE,11115
2270,NA,"20231113_Bithermal_EH_XRD_EH20231106Si04CuPc_General_01.asc",NA,TRUE,9528
2271,NA,"20231113_Bithermal_EH_XRD_EH20231106Si04CuPc_General_01.rasx",NA,TRUE,11169
2272,NA,"20231113_Bithermal_EH_XRR_EH20231106Si01CuPc_Reflectivity_01.asc",NA,TRUE,7169
2273,NA,"20231113_Bithermal_EH_XRR_EH20231106Si01CuPc_Reflectivity_01.rasx",NA,TRUE,9172
2274,NA,"20231113_Bithermal_EH_XRR_EH20231106Si02CuPc_Reflectivity_01.asc",NA,TRUE,7234
2275,NA,"20231113_Bithermal_EH_XRR_EH20231106Si02CuPc_Reflectivity_01.rasx",NA,TRUE,9200
2276,NA,"20231113_Bithermal_EH_XRR_EH20231106Si03CuPc_Reflectivity_01.asc",NA,TRUE,7189
2277,NA,"20231113_Bithermal_EH_XRR_EH20231106Si03CuPc_Reflectivity_01.rasx",NA,TRUE,9209
2278,NA,"20231113_Bithermal_EH_XRR_EH20231106Si04CuPc_Reflectivity_01.asc",NA,TRUE,7178
2279,NA,"20231113_Bithermal_EH_XRR_EH20231106Si04CuPc_Reflectivity_01.rasx",NA,TRUE,9171
2280,NA,"20231201_Bithermal_EH_XRD_EH20231123Si01CuPc_General_01.asc",NA,TRUE,11080
2281,NA,"20231201_Bithermal_EH_XRD_EH20231123Si01CuPc_General_01.ras",NA,TRUE,67581
2282,NA,"20231201_Bithermal_EH_XRD_EH20231123Si01CuPc_General_01.rasx",NA,TRUE,12076
2283,NA,"20231201_Bithermal_EH_XRD_EH20231123Si02CuPc_General_01.asc",NA,TRUE,11029
2284,NA,"20231201_Bithermal_EH_XRD_EH20231123Si02CuPc_General_01.ras",NA,TRUE,67539
2285,NA,"20231201_Bithermal_EH_XRD_EH20231123Si02CuPc_General_01.rasx",NA,TRUE,11989
2286,NA,"20231201_Bithermal_EH_XRD_EH20231123Si03CuPc_General_01.asc",NA,TRUE,11070
2287,NA,"20231201_Bithermal_EH_XRD_EH20231123Si03CuPc_General_01.ras",NA,TRUE,67576
2288,NA,"20231201_Bithermal_EH_XRD_EH20231123Si03CuPc_General_01.rasx",NA,TRUE,12122
2289,NA,"20231201_Bithermal_EH_XRD_EH20231123Si04CuPc_General_01.asc",NA,TRUE,11098
2290,NA,"20231201_Bithermal_EH_XRD_EH20231123Si04CuPc_General_01.ras",NA,TRUE,67596
2291,NA,"20231201_Bithermal_EH_XRD_EH20231123Si04CuPc_General_01.rasx",NA,TRUE,12082
2292,NA,"20231201_Bithermal_EH_XRD_EH20231123Si01CuPc_General_01.asc",NA,TRUE,11080
2293,NA,"20231201_Bithermal_EH_XRD_EH20231123Si01CuPc_General_01.ras",NA,TRUE,67581
2294,NA,"20231201_Bithermal_EH_XRD_EH20231123Si01CuPc_General_01.rasx",NA,TRUE,12076
2295,NA,"20231201_Bithermal_EH_XRD_EH20231123Si02CuPc_General_01.asc",NA,TRUE,11029
2296,NA,"20231201_Bithermal_EH_XRD_EH20231123Si02CuPc_General_01.ras",NA,TRUE,67539
2297,NA,"20231201_Bithermal_EH_XRD_EH20231123Si02CuPc_General_01.rasx",NA,TRUE,11989
2298,NA,"20231201_Bithermal_EH_XRD_EH20231123Si03CuPc_General_01.asc",NA,TRUE,11070
2299,NA,"20231201_Bithermal_EH_XRD_EH20231123Si03CuPc_General_01.ras",NA,TRUE,67576
2300,NA,"20231201_Bithermal_EH_XRD_EH20231123Si03CuPc_General_01.rasx",NA,TRUE,12122
2301,NA,"20231201_Bithermal_EH_XRD_EH20231123Si04CuPc_General_01.asc",NA,TRUE,11098
2302,NA,"20231201_Bithermal_EH_XRD_EH20231123Si04CuPc_General_01.ras",NA,TRUE,67596
2303,NA,"20231201_Bithermal_EH_XRD_EH20231123Si04CuPc_General_01.rasx",NA,TRUE,12082
2304,NA,"20231210_Bithermal_EH_XRR_EH20231123Si01CuPc_Reflectivity_01.asc",NA,TRUE,7169
2305,NA,"20231210_Bithermal_EH_XRR_EH20231123Si01CuPc_Reflectivity_01.ras",NA,TRUE,53488
2306,NA,"20231210_Bithermal_EH_XRR_EH20231123Si01CuPc_Reflectivity_01.rasx",NA,TRUE,9176
2307,NA,"20231210_Bithermal_EH_XRR_EH20231123Si02CuPc_Reflectivity_01.asc",NA,TRUE,7131
2308,NA,"20231210_Bithermal_EH_XRR_EH20231123Si02CuPc_Reflectivity_01.ras",NA,TRUE,53571
2309,NA,"20231210_Bithermal_EH_XRR_EH20231123Si02CuPc_Reflectivity_01.rasx",NA,TRUE,9215
2310,NA,"20231210_Bithermal_EH_XRR_EH20231123Si03CuPc_Reflectivity_01.asc",NA,TRUE,7117
2311,NA,"20231210_Bithermal_EH_XRR_EH20231123Si03CuPc_Reflectivity_01.ras",NA,TRUE,53459
2312,NA,"20231210_Bithermal_EH_XRR_EH20231123Si03CuPc_Reflectivity_01.rasx",NA,TRUE,9155
2313,NA,"20231210_Bithermal_EH_XRR_EH20231123Si04CuPc_Reflectivity_01.asc",NA,TRUE,7111
2314,NA,"20231210_Bithermal_EH_XRR_EH20231123Si04CuPc_Reflectivity_01.ras",NA,TRUE,53545
2315,NA,"20231210_Bithermal_EH_XRR_EH20231123Si04CuPc_Reflectivity_01.rasx",NA,TRUE,9202
2316,NA,"20231205_Bithermal_EH_XRD_EH20231203Si01CuPc_General_01.asc",NA,TRUE,11148
2317,NA,"20231205_Bithermal_EH_XRD_EH20231203Si01CuPc_General_01.ras",NA,TRUE,67629
2318,NA,"20231205_Bithermal_EH_XRD_EH20231203Si01CuPc_General_01.rasx",NA,TRUE,12104
2319,NA,"20231205_Bithermal_EH_XRD_EH20231203Si02CuPc_General_01.asc",NA,TRUE,11143
2320,NA,"20231205_Bithermal_EH_XRD_EH20231203Si02CuPc_General_01.ras",NA,TRUE,67618
2321,NA,"20231205_Bithermal_EH_XRD_EH20231203Si02CuPc_General_01.rasx",NA,TRUE,12093
2322,NA,"20231205_Bithermal_EH_XRD_EH20231203Si03CuPc_General_01.asc",NA,TRUE,11171
2323,NA,"20231205_Bithermal_EH_XRD_EH20231203Si03CuPc_General_01.ras",NA,TRUE,67646
2324,NA,"20231205_Bithermal_EH_XRD_EH20231203Si03CuPc_General_01.rasx",NA,TRUE,12112
2325,NA,"20231205_Bithermal_EH_XRR_EH20231203Si01CuPc_Reflectivity_01.asc",NA,TRUE,7041
2326,NA,"20231205_Bithermal_EH_XRR_EH20231203Si01CuPc_Reflectivity_01.ras",NA,TRUE,53454
2327,NA,"20231205_Bithermal_EH_XRR_EH20231203Si01CuPc_Reflectivity_01.rasx",NA,TRUE,9197
2328,NA,"20231205_Bithermal_EH_XRR_EH20231203Si02CuPc_Reflectivity_01.asc",NA,TRUE,7110
2329,NA,"20231205_Bithermal_EH_XRR_EH20231203Si02CuPc_Reflectivity_01.ras",NA,TRUE,53466
2330,NA,"20231205_Bithermal_EH_XRR_EH20231203Si02CuPc_Reflectivity_01.rasx",NA,TRUE,9213
2331,NA,"20231205_Bithermal_EH_XRR_EH20231203Si03CuPc_Reflectivity_01.asc",NA,TRUE,7188
2332,NA,"20231205_Bithermal_EH_XRR_EH20231203Si03CuPc_Reflectivity_01.ras",NA,TRUE,53491
2333,NA,"20231205_Bithermal_EH_XRR_EH20231203Si03CuPc_Reflectivity_01.rasx",NA,TRUE,9227
2334,NA,"20231205_Bithermal_EH_XRD_EH20231203Si01CuPc_General_01.asc",NA,TRUE,11148
2335,NA,"20231205_Bithermal_EH_XRD_EH20231203Si01CuPc_General_01.ras",NA,TRUE,67629
2336,NA,"20231205_Bithermal_EH_XRD_EH20231203Si01CuPc_General_01.rasx",NA,TRUE,12104
2337,NA,"20231205_Bithermal_EH_XRD_EH20231203Si02CuPc_General_01.asc",NA,TRUE,11143
2338,NA,"20231205_Bithermal_EH_XRD_EH20231203Si02CuPc_General_01.ras",NA,TRUE,67618
2339,NA,"20231205_Bithermal_EH_XRD_EH20231203Si02CuPc_General_01.rasx",NA,TRUE,12093
2340,NA,"20231205_Bithermal_EH_XRD_EH20231203Si03CuPc_General_01.asc",NA,TRUE,11171
2341,NA,"20231205_Bithermal_EH_XRD_EH20231203Si03CuPc_General_01.ras",NA,TRUE,67646
2342,NA,"20231205_Bithermal_EH_XRD_EH20231203Si03CuPc_General_01.rasx",NA,TRUE,12112
2343,NA,"20231205_Bithermal_EH_XRR_EH20231203Si01CuPc_Reflectivity_01.asc",NA,TRUE,7041
2344,NA,"20231205_Bithermal_EH_XRR_EH20231203Si01CuPc_Reflectivity_01.ras",NA,TRUE,53454
2345,NA,"20231205_Bithermal_EH_XRR_EH20231203Si01CuPc_Reflectivity_01.rasx",NA,TRUE,9197
2346,NA,"20231205_Bithermal_EH_XRR_EH20231203Si02CuPc_Reflectivity_01.asc",NA,TRUE,7110
2347,NA,"20231205_Bithermal_EH_XRR_EH20231203Si02CuPc_Reflectivity_01.ras",NA,TRUE,53466
2348,NA,"20231205_Bithermal_EH_XRR_EH20231203Si02CuPc_Reflectivity_01.rasx",NA,TRUE,9213
2349,NA,"20231205_Bithermal_EH_XRR_EH20231203Si03CuPc_Reflectivity_01.asc",NA,TRUE,7188
2350,NA,"20231205_Bithermal_EH_XRR_EH20231203Si03CuPc_Reflectivity_01.ras",NA,TRUE,53491
2351,NA,"20231205_Bithermal_EH_XRR_EH20231203Si03CuPc_Reflectivity_01.rasx",NA,TRUE,9227
2352,NA,"20231210_Bithermal_EH_XRR_EH20231123Si01CuPc_Reflectivity_01.asc",NA,TRUE,7169
2353,NA,"20231210_Bithermal_EH_XRR_EH20231123Si01CuPc_Reflectivity_01.ras",NA,TRUE,53488
2354,NA,"20231210_Bithermal_EH_XRR_EH20231123Si01CuPc_Reflectivity_01.rasx",NA,TRUE,9176
2355,NA,"20231210_Bithermal_EH_XRR_EH20231123Si02CuPc_Reflectivity_01.asc",NA,TRUE,7131
2356,NA,"20231210_Bithermal_EH_XRR_EH20231123Si02CuPc_Reflectivity_01.ras",NA,TRUE,53571
2357,NA,"20231210_Bithermal_EH_XRR_EH20231123Si02CuPc_Reflectivity_01.rasx",NA,TRUE,9215
2358,NA,"20231210_Bithermal_EH_XRR_EH20231123Si03CuPc_Reflectivity_01.asc",NA,TRUE,7117
2359,NA,"20231210_Bithermal_EH_XRR_EH20231123Si03CuPc_Reflectivity_01.ras",NA,TRUE,53459
2360,NA,"20231210_Bithermal_EH_XRR_EH20231123Si03CuPc_Reflectivity_01.rasx",NA,TRUE,9155
2361,NA,"20231210_Bithermal_EH_XRR_EH20231123Si04CuPc_Reflectivity_01.asc",NA,TRUE,7111
2362,NA,"20231210_Bithermal_EH_XRR_EH20231123Si04CuPc_Reflectivity_01.ras",NA,TRUE,53545
2363,NA,"20231210_Bithermal_EH_XRR_EH20231123Si04CuPc_Reflectivity_01.rasx",NA,TRUE,9202
2364,NA,"20231220_Bithermal_EH_XRD_EH20231203Si04CuPc_General_01.asc",NA,TRUE,11149
2365,NA,"20231220_Bithermal_EH_XRD_EH20231203Si04CuPc_General_01.ras",NA,TRUE,67622
1501,NA,"20231220_Bithermal_EH_XRD_EH20231203Si04CuPc_General_01.rasx",NA,TRUE,12103
2367,NA,"20231220_Bithermal_EH_XRR_EH20231203Si04CuPc_Reflectivity_01.asc",NA,TRUE,7135
2368,NA,"20231220_Bithermal_EH_XRR_EH20231203Si04CuPc_Reflectivity_01.ras",NA,TRUE,53473
1502,NA,"20231220_Bithermal_EH_XRR_EH20231203Si04CuPc_Reflectivity_01.rasx",NA,TRUE,9191
2370,NA,"20231220_Bithermal_EH_XRD_EH20231203Si04CuPc_General_01.asc",NA,TRUE,11149
2371,NA,"20231220_Bithermal_EH_XRD_EH20231203Si04CuPc_General_01.ras",NA,TRUE,67622
2376,NA,"20240116_Bithermal_EH_XRD_EH20240111Si01CuPc_General_01.asc",NA,TRUE,10741
2377,NA,"20240116_Bithermal_EH_XRD_EH20240111Si01CuPc_General_01.ras",NA,TRUE,67344
1504,NA,"20240116_Bithermal_EH_XRD_EH20240111Si01CuPc_General_01.rasx",NA,TRUE,11850
2379,NA,"20240116_Bithermal_EH_XRR_EH20240111Si01CuPc_Reflectivity_01.asc",NA,TRUE,7172
2380,NA,"20240116_Bithermal_EH_XRR_EH20240111Si01CuPc_Reflectivity_01.ras",NA,TRUE,53302
1503,NA,"20240116_Bithermal_EH_XRR_EH20240111Si01CuPc_Reflectivity_01.rasx",NA,TRUE,9041
2388,NA,"20240117_Bithermal_EH_XRD_EH20240111Si01CuPc_General_01.asc",NA,TRUE,10773
2389,NA,"20240117_Bithermal_EH_XRD_EH20240111Si01CuPc_General_01.ras",NA,TRUE,67373
1505,NA,"20240117_Bithermal_EH_XRD_EH20240111Si01CuPc_General_01.rasx",NA,TRUE,11893
2391,NA,"20240117_Bithermal_EH_XRD_EH20240111Si02CuPc_General_01.asc",NA,TRUE,10769
2392,NA,"20240117_Bithermal_EH_XRD_EH20240111Si02CuPc_General_01.ras",NA,TRUE,67367
1506,NA,"20240117_Bithermal_EH_XRD_EH20240111Si02CuPc_General_01.rasx",NA,TRUE,11861
2394,NA,"20240117_Bithermal_EH_XRR_EH20240111Si01CuPc_Reflectivity_01.asc",NA,TRUE,7139
2395,NA,"20240117_Bithermal_EH_XRR_EH20240111Si01CuPc_Reflectivity_01.ras",NA,TRUE,53299
1507,NA,"20240117_Bithermal_EH_XRR_EH20240111Si01CuPc_Reflectivity_01.rasx",NA,TRUE,9061
2397,NA,"20240117_Bithermal_EH_XRR_EH20240111Si02CuPc_Reflectivity_01.asc",NA,TRUE,7113
2398,NA,"20240117_Bithermal_EH_XRR_EH20240111Si02CuPc_Reflectivity_01.ras",NA,TRUE,53283
1508,NA,"20240117_Bithermal_EH_XRR_EH20240111Si02CuPc_Reflectivity_01.rasx",NA,TRUE,9047
1509,NA,"20240118_Bithermal_EH_XRD_EH20240111Si03CuPc_General_01 (2).rasx",NA,TRUE,11745
2413,NA,"20240118_Bithermal_EH_XRD_EH20240111Si03CuPc_General_01.asc",NA,TRUE,10569
2414,NA,"20240118_Bithermal_EH_XRD_EH20240111Si03CuPc_General_01.ras",NA,TRUE,67162
1510,NA,"20240118_Bithermal_EH_XRD_EH20240111Si04CuPc_General_01 (2).rasx",NA,TRUE,11733
2417,NA,"20240118_Bithermal_EH_XRD_EH20240111Si04CuPc_General_01.asc",NA,TRUE,10514
2418,NA,"20240118_Bithermal_EH_XRD_EH20240111Si04CuPc_General_01.ras",NA,TRUE,67115
2420,NA,"20240118_Bithermal_EH_XRR_EH20240111Si03CuPc_Reflectivity_01.asc",NA,TRUE,7322
2421,NA,"20240118_Bithermal_EH_XRR_EH20240111Si03CuPc_Reflectivity_01.ras",NA,TRUE,53087
1511,NA,"20240118_Bithermal_EH_XRR_EH20240111Si03CuPc_Reflectivity_01.rasx",NA,TRUE,8852
2423,NA,"20240118_Bithermal_EH_XRR_EH20240111Si04CuPc_Reflectivity_01.asc",NA,TRUE,7261
2424,NA,"20240118_Bithermal_EH_XRR_EH20240111Si04CuPc_Reflectivity_01.ras",NA,TRUE,53032
1512,NA,"20240118_Bithermal_EH_XRR_EH20240111Si04CuPc_Reflectivity_01.rasx",NA,TRUE,8824
2440,NA,"20240122_Bithermal_EH_XRD_EH20240115Si01CuPc_General_01.asc",NA,TRUE,10835
2441,NA,"20240122_Bithermal_EH_XRD_EH20240115Si01CuPc_General_01.ras",NA,TRUE,67399
1611,NA,"20240122_Bithermal_EH_XRD_EH20240115Si01CuPc_General_01.rasx",NA,TRUE,12046
2443,NA,"20240122_Bithermal_EH_XRD_EH20240115Si02CuPc_General_01.asc",NA,TRUE,10844
2444,NA,"20240122_Bithermal_EH_XRD_EH20240115Si02CuPc_General_01.ras",NA,TRUE,67430
1612,NA,"20240122_Bithermal_EH_XRD_EH20240115Si02CuPc_General_01.rasx",NA,TRUE,12001
2446,NA,"20240122_Bithermal_EH_XRR_EH20240115Si01CuPc_Reflectivity_01.asc",NA,TRUE,6855
2447,NA,"20240122_Bithermal_EH_XRR_EH20240115Si01CuPc_Reflectivity_01.ras",NA,TRUE,53435
1613,NA,"20240122_Bithermal_EH_XRR_EH20240115Si01CuPc_Reflectivity_01.rasx",NA,TRUE,9181
2449,NA,"20240122_Bithermal_EH_XRR_EH20240115Si02CuPc_Reflectivity_01.asc",NA,TRUE,6866
2450,NA,"20240122_Bithermal_EH_XRR_EH20240115Si02CuPc_Reflectivity_01.ras",NA,TRUE,53421
1614,NA,"20240122_Bithermal_EH_XRR_EH20240115Si02CuPc_Reflectivity_01.rasx",NA,TRUE,9167
2464,NA,"20240123_Bithermal_EH_XRD_EH20240115Si03CuPc_General_01.asc",NA,TRUE,10754
2465,NA,"20240123_Bithermal_EH_XRD_EH20240115Si03CuPc_General_01.ras",NA,TRUE,67319
1615,NA,"20240123_Bithermal_EH_XRD_EH20240115Si03CuPc_General_01.rasx",NA,TRUE,11977
2467,NA,"20240123_Bithermal_EH_XRR_EH20240115Si03CuPc_Reflectivity_01.asc",NA,TRUE,6963
2468,NA,"20240123_Bithermal_EH_XRR_EH20240115Si03CuPc_Reflectivity_01.ras",NA,TRUE,53470
1616,NA,"20240123_Bithermal_EH_XRR_EH20240115Si03CuPc_Reflectivity_01.rasx",NA,TRUE,9171
2476,NA,"20240130_Bithermal_EH_XRD_EH20240117Si01CuPc_General_01_Report.pdf",NA,TRUE,1097759
2477,NA,"20240130_Bithermal_EH_XRD_EH20240117Si01CuPc_General_01.asc",NA,TRUE,8212
2478,NA,"20240130_Bithermal_EH_XRD_EH20240117Si01CuPc_General_01.ras",NA,TRUE,64379
1617,NA,"20240130_Bithermal_EH_XRD_EH20240117Si01CuPc_General_01.rasx",NA,TRUE,10075
2480,NA,"20240130_Bithermal_EH_XRD_EH20240117Si02CuPc_General_01.asc",NA,TRUE,8651
2481,NA,"20240130_Bithermal_EH_XRD_EH20240117Si02CuPc_General_01.ras",NA,TRUE,64369
1618,NA,"20240130_Bithermal_EH_XRD_EH20240117Si02CuPc_General_01.rasx",NA,TRUE,10047
2483,NA,"20240130_Bithermal_EH_XRD_EH20240117Si03CuPc_General_01.asc",NA,TRUE,7882
2484,NA,"20240130_Bithermal_EH_XRD_EH20240117Si03CuPc_General_01.ras",NA,TRUE,64376
1619,NA,"20240130_Bithermal_EH_XRD_EH20240117Si03CuPc_General_01.rasx",NA,TRUE,10067
2486,NA,"20240130_Bithermal_EH_XRD_EH20240117Si04CuPc_General_01.asc",NA,TRUE,8016
2487,NA,"20240130_Bithermal_EH_XRD_EH20240117Si04CuPc_General_01.ras",NA,TRUE,64362
1620,NA,"20240130_Bithermal_EH_XRD_EH20240117Si04CuPc_General_01.rasx",NA,TRUE,10112
2489,NA,"20240130_Bithermal_EH_XRR_EH20240117Si01CuPc_Reflectivity_01.asc",NA,TRUE,7637
2490,NA,"20240130_Bithermal_EH_XRR_EH20240117Si01CuPc_Reflectivity_01.ras",NA,TRUE,52125
1621,NA,"20240130_Bithermal_EH_XRR_EH20240117Si01CuPc_Reflectivity_01.rasx",NA,TRUE,8120
2492,NA,"20240130_Bithermal_EH_XRR_EH20240117Si02CuPc_Reflectivity_01.asc",NA,TRUE,7446
2493,NA,"20240130_Bithermal_EH_XRR_EH20240117Si02CuPc_Reflectivity_01.ras",NA,TRUE,52123
1622,NA,"20240130_Bithermal_EH_XRR_EH20240117Si02CuPc_Reflectivity_01.rasx",NA,TRUE,8078
2495,NA,"20240130_Bithermal_EH_XRR_EH20240117Si03CuPc_Reflectivity_01.asc",NA,TRUE,7546
2496,NA,"20240130_Bithermal_EH_XRR_EH20240117Si03CuPc_Reflectivity_01.ras",NA,TRUE,52132
1623,NA,"20240130_Bithermal_EH_XRR_EH20240117Si03CuPc_Reflectivity_01.rasx",NA,TRUE,8093
2498,NA,"20240130_Bithermal_EH_XRR_EH20240117Si04CuPc_Reflectivity_01.asc",NA,TRUE,7416
2499,NA,"20240130_Bithermal_EH_XRR_EH20240117Si04CuPc_Reflectivity_01.ras",NA,TRUE,52121
1624,NA,"20240130_Bithermal_EH_XRR_EH20240117Si04CuPc_Reflectivity_01.rasx",NA,TRUE,8112
2526,NA,"20240201_Bithermal_EH_XRD_EH20240115Si04CuPc_General_01.asc",NA,TRUE,10857
2527,NA,"20240201_Bithermal_EH_XRD_EH20240115Si04CuPc_General_01.ras",NA,TRUE,67440
1625,NA,"20240201_Bithermal_EH_XRD_EH20240115Si04CuPc_General_01.rasx",NA,TRUE,12035
2529,NA,"20240201_Bithermal_EH_XRD_EH20240120Si01CuPc_General_01.asc",NA,TRUE,10836
2530,NA,"20240201_Bithermal_EH_XRD_EH20240120Si01CuPc_General_01.ras",NA,TRUE,67421
1626,NA,"20240201_Bithermal_EH_XRD_EH20240120Si01CuPc_General_01.rasx",NA,TRUE,12044
2532,NA,"20240201_Bithermal_EH_XRR_EH20240115Si04CuPc_Reflectivity_01.asc",NA,TRUE,6912
2533,NA,"20240201_Bithermal_EH_XRR_EH20240115Si04CuPc_Reflectivity_01.ras",NA,TRUE,53447
1627,NA,"20240201_Bithermal_EH_XRR_EH20240115Si04CuPc_Reflectivity_01.rasx",NA,TRUE,9198
2535,NA,"20240201_Bithermal_EH_XRR_EH20240120Si01CuPc_Reflectivity_01.asc",NA,TRUE,6873
2536,NA,"20240201_Bithermal_EH_XRR_EH20240120Si01CuPc_Reflectivity_01.ras",NA,TRUE,53376
1628,NA,"20240201_Bithermal_EH_XRR_EH20240120Si01CuPc_Reflectivity_01.rasx",NA,TRUE,9138
2550,NA,"20240203_Bithermal_EH_XRD_EH20240120Si02CuPc_General_01.asc",NA,TRUE,10812
2551,NA,"20240203_Bithermal_EH_XRD_EH20240120Si02CuPc_General_01.ras",NA,TRUE,67405
1629,NA,"20240203_Bithermal_EH_XRD_EH20240120Si02CuPc_General_01.rasx",NA,TRUE,12005
2553,NA,"20240203_Bithermal_EH_XRD_EH20240120Si03CuPc_General_01.asc",NA,TRUE,10819
2554,NA,"20240203_Bithermal_EH_XRD_EH20240120Si03CuPc_General_01.ras",NA,TRUE,67419
1630,NA,"20240203_Bithermal_EH_XRD_EH20240120Si03CuPc_General_01.rasx",NA,TRUE,12027
2556,NA,"20240203_Bithermal_EH_XRD_EH20240120Si04CuPc_General_01.asc",NA,TRUE,10802
2557,NA,"20240203_Bithermal_EH_XRD_EH20240120Si04CuPc_General_01.ras",NA,TRUE,67401
1631,NA,"20240203_Bithermal_EH_XRD_EH20240120Si04CuPc_General_01.rasx",NA,TRUE,11975
2559,NA,"20240203_Bithermal_EH_XRR_EH20240120Si02CuPc_Reflectivity_01.asc",NA,TRUE,6892
2560,NA,"20240203_Bithermal_EH_XRR_EH20240120Si02CuPc_Reflectivity_01.ras",NA,TRUE,53381
1632,NA,"20240203_Bithermal_EH_XRR_EH20240120Si02CuPc_Reflectivity_01.rasx",NA,TRUE,9124
2562,NA,"20240203_Bithermal_EH_XRR_EH20240120Si03CuPc_Reflectivity_01.asc",NA,TRUE,6830
2563,NA,"20240203_Bithermal_EH_XRR_EH20240120Si03CuPc_Reflectivity_01.ras",NA,TRUE,53389
1633,NA,"20240203_Bithermal_EH_XRR_EH20240120Si03CuPc_Reflectivity_01.rasx",NA,TRUE,9149
2565,NA,"20240203_Bithermal_EH_XRR_EH20240120Si04CuPc_Reflectivity_01.asc",NA,TRUE,6903
2566,NA,"20240203_Bithermal_EH_XRR_EH20240120Si04CuPc_Reflectivity_01.ras",NA,TRUE,53377
1634,NA,"20240203_Bithermal_EH_XRR_EH20240120Si04CuPc_Reflectivity_01.rasx",NA,TRUE,9147
2586,NA,"20240224_Bithermal_EH_XRD_EH20240117Si01CuPc_General_01.asc",NA,TRUE,10776
2587,NA,"20240224_Bithermal_EH_XRD_EH20240117Si01CuPc_General_01.ras",NA,TRUE,67341
1635,NA,"20240224_Bithermal_EH_XRD_EH20240117Si01CuPc_General_01.rasx",NA,TRUE,11791
2589,NA,"20240224_Bithermal_EH_XRD_EH20240117Si02CuPc_General_01.asc",NA,TRUE,10542
2590,NA,"20240224_Bithermal_EH_XRD_EH20240117Si02CuPc_General_01.ras",NA,TRUE,67107
1636,NA,"20240224_Bithermal_EH_XRD_EH20240117Si02CuPc_General_01.rasx",NA,TRUE,11779
2592,NA,"20240224_Bithermal_EH_XRR_EH20240117Si01CuPc_Reflectivity_01.asc",NA,TRUE,7124
2593,NA,"20240224_Bithermal_EH_XRR_EH20240117Si01CuPc_Reflectivity_01.ras",NA,TRUE,53314
1637,NA,"20240224_Bithermal_EH_XRR_EH20240117Si01CuPc_Reflectivity_01.rasx",NA,TRUE,9073
2595,NA,"20240224_Bithermal_EH_XRR_EH20240117Si02CuPc_Reflectivity_01.asc",NA,TRUE,7132
2596,NA,"20240224_Bithermal_EH_XRR_EH20240117Si02CuPc_Reflectivity_01.ras",NA,TRUE,53344
1638,NA,"20240224_Bithermal_EH_XRR_EH20240117Si02CuPc_Reflectivity_01.rasx",NA,TRUE,9092
2610,NA,"20240225_Bithermal_EH_XRD_EH20240117Si03CuPc_General_01.asc",NA,TRUE,10773
2611,NA,"20240225_Bithermal_EH_XRD_EH20240117Si03CuPc_General_01.ras",NA,TRUE,67344
1639,NA,"20240225_Bithermal_EH_XRD_EH20240117Si03CuPc_General_01.rasx",NA,TRUE,11818
2613,NA,"20240225_Bithermal_EH_XRD_EH20240117Si04CuPc_General_01.asc",NA,TRUE,10764
2614,NA,"20240225_Bithermal_EH_XRD_EH20240117Si04CuPc_General_01.ras",NA,TRUE,67334
1640,NA,"20240225_Bithermal_EH_XRD_EH20240117Si04CuPc_General_01.rasx",NA,TRUE,11826
2616,NA,"20240225_Bithermal_EH_XRR_EH20240117Si03CuPc_Reflectivity_01.asc",NA,TRUE,7234
2617,NA,"20240225_Bithermal_EH_XRR_EH20240117Si03CuPc_Reflectivity_01.ras",NA,TRUE,53349
1641,NA,"20240225_Bithermal_EH_XRR_EH20240117Si03CuPc_Reflectivity_01.rasx",NA,TRUE,9083
2619,NA,"20240225_Bithermal_EH_XRR_EH20240117Si04CuPc_Reflectivity_01.asc",NA,TRUE,7162
2620,NA,"20240225_Bithermal_EH_XRR_EH20240117Si04CuPc_Reflectivity_01.ras",NA,TRUE,53319
1642,NA,"20240225_Bithermal_EH_XRR_EH20240117Si04CuPc_Reflectivity_01.rasx",NA,TRUE,9106
2634,NA,"20240226_Bithermal_EH_XRD_EH20240117Si01CuPc_General_01.asc",NA,TRUE,10004
2635,NA,"20240226_Bithermal_EH_XRD_EH20240117Si01CuPc_General_01.ras",NA,TRUE,66584
1643,NA,"20240226_Bithermal_EH_XRD_EH20240117Si01CuPc_General_01.rasx",NA,TRUE,11596
2637,NA,"20240226_Bithermal_EH_XRR_EH20240117Si01CuPc_Reflectivity_01.asc",NA,TRUE,7333
2638,NA,"20240226_Bithermal_EH_XRR_EH20240117Si01CuPc_Reflectivity_01.ras",NA,TRUE,53171
1644,NA,"20240226_Bithermal_EH_XRR_EH20240117Si01CuPc_Reflectivity_01.rasx",NA,TRUE,8982
2646,NA,"20240312_Bithermal_EH_XRD_EH20240117Si02CuPc_General_01.asc",NA,TRUE,9961
2647,NA,"20240312_Bithermal_EH_XRD_EH20240117Si02CuPc_General_01.ras",NA,TRUE,66540
1645,NA,"20240312_Bithermal_EH_XRD_EH20240117Si02CuPc_General_01.rasx",NA,TRUE,11566
2649,NA,"20240312_Bithermal_EH_XRR_EH20240117Si02CuPc_Reflectivity_01.asc",NA,TRUE,7272
2650,NA,"20240312_Bithermal_EH_XRR_EH20240117Si02CuPc_Reflectivity_01.ras",NA,TRUE,53180
1646,NA,"20240312_Bithermal_EH_XRR_EH20240117Si02CuPc_Reflectivity_01.rasx",NA,TRUE,9001
2658,NA,"20240327_Bithermal_EH_XRD_EH20240325Si01CuPc_General_01.asc",NA,TRUE,11209
2659,NA,"20240327_Bithermal_EH_XRD_EH20240325Si01CuPc_General_01.ras",NA,TRUE,67698
1655,NA,"20240327_Bithermal_EH_XRD_EH20240325Si01CuPc_General_01.rasx",NA,TRUE,12196
2661,NA,"20240327_Bithermal_EH_XRR_EH20240325Si01CuPc_Reflectivity_01.asc",NA,TRUE,7072
2662,NA,"20240327_Bithermal_EH_XRR_EH20240325Si01CuPc_Reflectivity_01.ras",NA,TRUE,53663
1656,NA,"20240327_Bithermal_EH_XRR_EH20240325Si01CuPc_Reflectivity_01.rasx",NA,TRUE,9282
2670,NA,"20240415_Bithermal_EH_XRD_EH20240328Si01MnPc_General_01.asc",NA,TRUE,10498
2671,NA,"20240415_Bithermal_EH_XRD_EH20240328Si01MnPc_General_01.ras",NA,TRUE,67092
1657,NA,"20240415_Bithermal_EH_XRD_EH20240328Si01MnPc_General_01.rasx",NA,TRUE,11746
2673,NA,"20240415_Bithermal_EH_XRD_EH20240328Si01MnPc_General_02.asc",NA,TRUE,10457
2674,NA,"20240415_Bithermal_EH_XRD_EH20240328Si01MnPc_General_02.ras",NA,TRUE,67055
1658,NA,"20240415_Bithermal_EH_XRD_EH20240328Si01MnPc_General_02.rasx",NA,TRUE,11673
2676,NA,"20240415_Bithermal_EH_XRD_EH20240328Si02MnPc_General_01.asc",NA,TRUE,10507
2677,NA,"20240415_Bithermal_EH_XRD_EH20240328Si02MnPc_General_01.ras",NA,TRUE,67100
1659,NA,"20240415_Bithermal_EH_XRD_EH20240328Si02MnPc_General_01.rasx",NA,TRUE,11735
2679,NA,"20240415_Bithermal_EH_XRR_EH20240328Si01MnPc_Reflectivity_01.asc",NA,TRUE,6753
2680,NA,"20240415_Bithermal_EH_XRR_EH20240328Si01MnPc_Reflectivity_01.ras",NA,TRUE,53063
1660,NA,"20240415_Bithermal_EH_XRR_EH20240328Si01MnPc_Reflectivity_01.rasx",NA,TRUE,8933
2682,NA,"20240415_Bithermal_EH_XRR_EH20240328Si01MnPc_Reflectivity_02.asc",NA,TRUE,6731
2683,NA,"20240415_Bithermal_EH_XRR_EH20240328Si01MnPc_Reflectivity_02.ras",NA,TRUE,53076
1661,NA,"20240415_Bithermal_EH_XRR_EH20240328Si01MnPc_Reflectivity_02.rasx",NA,TRUE,8901
2687,NA,"20240415_Bithermal_EH_XRR_EH20240328Si02MnPc_Reflectivity_01.asc",NA,TRUE,6703
2688,NA,"20240415_Bithermal_EH_XRR_EH20240328Si02MnPc_Reflectivity_01.ras",NA,TRUE,53074
1662,NA,"20240415_Bithermal_EH_XRR_EH20240328Si02MnPc_Reflectivity_01.rasx",NA,TRUE,8905
2712,NA,"20240416_Bithermal_EH_XRD_EH20240325Si02CuPc_General_01.asc",NA,TRUE,11301
2713,NA,"20240416_Bithermal_EH_XRD_EH20240325Si02CuPc_General_01.ras",NA,TRUE,67777
1663,NA,"20240416_Bithermal_EH_XRD_EH20240325Si02CuPc_General_01.rasx",NA,TRUE,12279
2715,NA,"20240416_Bithermal_EH_XRD_EH20240328Si03MnPc_General_01.asc",NA,TRUE,10500
2716,NA,"20240416_Bithermal_EH_XRD_EH20240328Si03MnPc_General_01.ras",NA,TRUE,67097
1664,NA,"20240416_Bithermal_EH_XRD_EH20240328Si03MnPc_General_01.rasx",NA,TRUE,11711
2718,NA,"20240416_Bithermal_EH_XRD_EH20240328Si04MnPc_General_01.asc",NA,TRUE,10488
2719,NA,"20240416_Bithermal_EH_XRD_EH20240328Si04MnPc_General_01.ras",NA,TRUE,67071
1665,NA,"20240416_Bithermal_EH_XRD_EH20240328Si04MnPc_General_01.rasx",NA,TRUE,11709
2721,NA,"20240416_Bithermal_EH_XRR_EH20240325Si02CuPc_Reflectivity_01.asc",NA,TRUE,7141
2722,NA,"20240416_Bithermal_EH_XRR_EH20240325Si02CuPc_Reflectivity_01.ras",NA,TRUE,53745
1666,NA,"20240416_Bithermal_EH_XRR_EH20240325Si02CuPc_Reflectivity_01.rasx",NA,TRUE,9317
2724,NA,"20240416_Bithermal_EH_XRR_EH20240328Si03MnPc_Reflectivity_01.asc",NA,TRUE,6712
2725,NA,"20240416_Bithermal_EH_XRR_EH20240328Si03MnPc_Reflectivity_01.ras",NA,TRUE,53096
1667,NA,"20240416_Bithermal_EH_XRR_EH20240328Si03MnPc_Reflectivity_01.rasx",NA,TRUE,8929
2727,NA,"20240416_Bithermal_EH_XRR_EH20240328Si04MnPc_Reflectivity_01.asc",NA,TRUE,6764
2728,NA,"20240416_Bithermal_EH_XRR_EH20240328Si04MnPc_Reflectivity_01.ras",NA,TRUE,53110
1668,NA,"20240416_Bithermal_EH_XRR_EH20240328Si04MnPc_Reflectivity_01.rasx",NA,TRUE,8950
1669,NA,"20240417_Bithermal_EH_XRD_EH20240325Si03CuPc_General_01_Graph.png",NA,TRUE,36460
1670,NA,"20240417_Bithermal_EH_XRD_EH20240325Si03CuPc_General_01_Report.pdf",NA,TRUE,972085
2750,NA,"20240417_Bithermal_EH_XRD_EH20240325Si03CuPc_General_01.asc",NA,TRUE,11266
2751,NA,"20240417_Bithermal_EH_XRD_EH20240325Si03CuPc_General_01.ras",NA,TRUE,67745
1671,NA,"20240417_Bithermal_EH_XRD_EH20240325Si03CuPc_General_01.rasx",NA,TRUE,12280
2753,NA,"20240417_Bithermal_EH_XRD_EH20240325Si04CuPc_General_01.asc",NA,TRUE,11237
2754,NA,"20240417_Bithermal_EH_XRD_EH20240325Si04CuPc_General_01.ras",NA,TRUE,67721
1672,NA,"20240417_Bithermal_EH_XRD_EH20240325Si04CuPc_General_01.rasx",NA,TRUE,12249
2756,NA,"20240417_Bithermal_EH_XRR_EH20240325Si03CuPc_Reflectivity_01.asc",NA,TRUE,7057
2757,NA,"20240417_Bithermal_EH_XRR_EH20240325Si03CuPc_Reflectivity_01.ras",NA,TRUE,53667
1673,NA,"20240417_Bithermal_EH_XRR_EH20240325Si03CuPc_Reflectivity_01.rasx",NA,TRUE,9342
2759,NA,"20240417_Bithermal_EH_XRR_EH20240325Si04CuPc_Reflectivity_01.asc",NA,TRUE,7026
2760,NA,"20240417_Bithermal_EH_XRR_EH20240325Si04CuPc_Reflectivity_01.ras",NA,TRUE,53630
1674,NA,"20240417_Bithermal_EH_XRR_EH20240325Si04CuPc_Reflectivity_01.rasx",NA,TRUE,9274
2776,NA,"20240520_Bithermal_EH_XRD_EH20240120Si01CuPc_General_01.asc",NA,TRUE,10788
2777,NA,"20240520_Bithermal_EH_XRD_EH20240120Si01CuPc_General_01.ras",NA,TRUE,67372
1849,NA,"20240520_Bithermal_EH_XRD_EH20240120Si01CuPc_General_01.rasx",NA,TRUE,11999
2779,NA,"20240520_Bithermal_EH_XRR_EH20240120Si01CuPc_Reflectivity_01.asc",NA,TRUE,6885
2780,NA,"20240520_Bithermal_EH_XRR_EH20240120Si01CuPc_Reflectivity_01.ras",NA,TRUE,53352
1850,NA,"20240520_Bithermal_EH_XRR_EH20240120Si01CuPc_Reflectivity_01.rasx",NA,TRUE,9097
2788,NA,"20240522_Bithermal_EH_XRD_EH20240120Si02CuPc_General_01.asc",NA,TRUE,10775
2789,NA,"20240522_Bithermal_EH_XRD_EH20240120Si02CuPc_General_01.ras",NA,TRUE,67361
1851,NA,"20240522_Bithermal_EH_XRD_EH20240120Si02CuPc_General_01.rasx",NA,TRUE,11929
2791,NA,"20240522_Bithermal_EH_XRD_EH20240120Si03CuPc_General_01.asc",NA,TRUE,10787
2792,NA,"20240522_Bithermal_EH_XRD_EH20240120Si03CuPc_General_01.ras",NA,TRUE,67372
1852,NA,"20240522_Bithermal_EH_XRD_EH20240120Si03CuPc_General_01.rasx",NA,TRUE,12003
2794,NA,"20240522_Bithermal_EH_XRR_EH20240120Si02CuPc_Reflectivity_01.asc",NA,TRUE,6877
2795,NA,"20240522_Bithermal_EH_XRR_EH20240120Si02CuPc_Reflectivity_01.ras",NA,TRUE,53366
1853,NA,"20240522_Bithermal_EH_XRR_EH20240120Si02CuPc_Reflectivity_01.rasx",NA,TRUE,9116
2797,NA,"20240522_Bithermal_EH_XRR_EH20240120Si03CuPc_Reflectivity_01.asc",NA,TRUE,6852
2798,NA,"20240522_Bithermal_EH_XRR_EH20240120Si03CuPc_Reflectivity_01.ras",NA,TRUE,53322
1854,NA,"20240522_Bithermal_EH_XRR_EH20240120Si03CuPc_Reflectivity_01.rasx",NA,TRUE,9100
2812,NA,"20240528_Bithermal_EH_XRD_EH20231203Si01CuPc_General_01.asc",NA,TRUE,11098
2813,NA,"20240528_Bithermal_EH_XRD_EH20231203Si01CuPc_General_01.ras",NA,TRUE,67571
1855,NA,"20240528_Bithermal_EH_XRD_EH20231203Si01CuPc_General_01.rasx",NA,TRUE,11962
2815,NA,"20240528_Bithermal_EH_XRD_EH20231203Si02CuPc_General_01.asc",NA,TRUE,11089
2816,NA,"20240528_Bithermal_EH_XRD_EH20231203Si02CuPc_General_01.ras",NA,TRUE,67565
1856,NA,"20240528_Bithermal_EH_XRD_EH20231203Si02CuPc_General_01.rasx",NA,TRUE,12013
2818,NA,"20240528_Bithermal_EH_XRD_EH20231203Si03CuPc_General_01.asc",NA,TRUE,11120
2819,NA,"20240528_Bithermal_EH_XRD_EH20231203Si03CuPc_General_01.ras",NA,TRUE,67594
1857,NA,"20240528_Bithermal_EH_XRD_EH20231203Si03CuPc_General_01.rasx",NA,TRUE,11988
2821,NA,"20240528_Bithermal_EH_XRD_EH20240120Si04CuPc_General_01.asc",NA,TRUE,10773
2822,NA,"20240528_Bithermal_EH_XRD_EH20240120Si04CuPc_General_01.ras",NA,TRUE,67358
1858,NA,"20240528_Bithermal_EH_XRD_EH20240120Si04CuPc_General_01.rasx",NA,TRUE,11998
2824,NA,"20240528_Bithermal_EH_XRR_EH20231203Si01CuPc_Reflectivity_01.asc",NA,TRUE,6996
2825,NA,"20240528_Bithermal_EH_XRR_EH20231203Si01CuPc_Reflectivity_01.ras",NA,TRUE,53382
1859,NA,"20240528_Bithermal_EH_XRR_EH20231203Si01CuPc_Reflectivity_01.rasx",NA,TRUE,9136
2827,NA,"20240528_Bithermal_EH_XRR_EH20231203Si02CuPc_Reflectivity_01.asc",NA,TRUE,7020
2828,NA,"20240528_Bithermal_EH_XRR_EH20231203Si02CuPc_Reflectivity_01.ras",NA,TRUE,53400
1860,NA,"20240528_Bithermal_EH_XRR_EH20231203Si02CuPc_Reflectivity_01.rasx",NA,TRUE,9129
2830,NA,"20240528_Bithermal_EH_XRR_EH20231203Si03CuPc_Reflectivity_01.asc",NA,TRUE,7141
2831,NA,"20240528_Bithermal_EH_XRR_EH20231203Si03CuPc_Reflectivity_01.ras",NA,TRUE,53417
1861,NA,"20240528_Bithermal_EH_XRR_EH20231203Si03CuPc_Reflectivity_01.rasx",NA,TRUE,9173
2833,NA,"20240528_Bithermal_EH_XRR_EH20240120Si04CuPc_Reflectivity_01.asc",NA,TRUE,6819
2834,NA,"20240528_Bithermal_EH_XRR_EH20240120Si04CuPc_Reflectivity_01.ras",NA,TRUE,53333
1862,NA,"20240528_Bithermal_EH_XRR_EH20240120Si04CuPc_Reflectivity_01.rasx",NA,TRUE,9094
2860,NA,"20240529_Bithermal_EH_XRD_EH20231203Si04CuPc_General_01.asc",NA,TRUE,11099
2861,NA,"20240529_Bithermal_EH_XRD_EH20231203Si04CuPc_General_01.ras",NA,TRUE,67580
1863,NA,"20240529_Bithermal_EH_XRD_EH20231203Si04CuPc_General_01.rasx",NA,TRUE,12019
2863,NA,"20240529_Bithermal_EH_XRR_EH20231203Si04CuPc_Reflectivity_01.asc",NA,TRUE,7105
2864,NA,"20240529_Bithermal_EH_XRR_EH20231203Si04CuPc_Reflectivity_01.ras",NA,TRUE,53421
1864,NA,"20240529_Bithermal_EH_XRR_EH20231203Si04CuPc_Reflectivity_01.rasx",NA,TRUE,9135
2872,NA,"20240603_Bithermal_EH_XRD_EH20231201Si01CuPc_General_01.asc",NA,TRUE,11186
2873,NA,"20240603_Bithermal_EH_XRD_EH20231201Si01CuPc_General_01.ras",NA,TRUE,67688
1865,NA,"20240603_Bithermal_EH_XRD_EH20231201Si01CuPc_General_01.rasx",NA,TRUE,12209
2875,NA,"20240603_Bithermal_EH_XRD_EH20231201Si02CuPc_General_01.asc",NA,TRUE,11216
2876,NA,"20240603_Bithermal_EH_XRD_EH20231201Si02CuPc_General_01.ras",NA,TRUE,67694
1866,NA,"20240603_Bithermal_EH_XRD_EH20231201Si02CuPc_General_01.rasx",NA,TRUE,12202
2878,NA,"20240603_Bithermal_EH_XRR_EH20231201Si01CuPc_Reflectivity_01.asc",NA,TRUE,7063
2879,NA,"20240603_Bithermal_EH_XRR_EH20231201Si01CuPc_Reflectivity_01.ras",NA,TRUE,53676
1867,NA,"20240603_Bithermal_EH_XRR_EH20231201Si01CuPc_Reflectivity_01.rasx",NA,TRUE,9325
2881,NA,"20240603_Bithermal_EH_XRR_EH20231201Si02CuPc_Reflectivity_01.asc",NA,TRUE,6989
2882,NA,"20240603_Bithermal_EH_XRR_EH20231201Si02CuPc_Reflectivity_01.ras",NA,TRUE,53583
1868,NA,"20240603_Bithermal_EH_XRR_EH20231201Si02CuPc_Reflectivity_01.rasx",NA,TRUE,9231
2896,NA,"20240610_Bithermal_EH_XRD_EH20231201Si03CuPc_General_01.asc",NA,TRUE,11129
2897,NA,"20240610_Bithermal_EH_XRD_EH20231201Si03CuPc_General_01.ras",NA,TRUE,67612
1869,NA,"20240610_Bithermal_EH_XRD_EH20231201Si03CuPc_General_01.rasx",NA,TRUE,12187
2899,NA,"20240610_Bithermal_EH_XRD_EH20231201Si04CuPc_General_01.asc",NA,TRUE,11181
2900,NA,"20240610_Bithermal_EH_XRD_EH20231201Si04CuPc_General_01.ras",NA,TRUE,67656
1870,NA,"20240610_Bithermal_EH_XRD_EH20231201Si04CuPc_General_01.rasx",NA,TRUE,12200
2902,NA,"20240610_Bithermal_EH_XRR_EH20231201Si03CuPc_Reflectivity_01.asc",NA,TRUE,6989
2903,NA,"20240610_Bithermal_EH_XRR_EH20231201Si03CuPc_Reflectivity_01.ras",NA,TRUE,53526
1871,NA,"20240610_Bithermal_EH_XRR_EH20231201Si03CuPc_Reflectivity_01.rasx",NA,TRUE,9211
2905,NA,"20240610_Bithermal_EH_XRR_EH20231201Si04CuPc_Reflectivity_01.asc",NA,TRUE,7020
2906,NA,"20240610_Bithermal_EH_XRR_EH20231201Si04CuPc_Reflectivity_01.ras",NA,TRUE,53637
1872,NA,"20240610_Bithermal_EH_XRR_EH20231201Si04CuPc_Reflectivity_01.rasx",NA,TRUE,9268
2920,NA,"20240612_Bithermal_EH_XRD_EH20240612Si01CuPc_General_01.asc",NA,TRUE,11008
2921,NA,"20240612_Bithermal_EH_XRD_EH20240612Si01CuPc_General_01.ras",NA,TRUE,67498
1873,NA,"20240612_Bithermal_EH_XRD_EH20240612Si01CuPc_General_01.rasx",NA,TRUE,11918
2923,NA,"20240612_Bithermal_EH_XRD_EH20240612Si02CuPc_General_01.asc",NA,TRUE,11013
2924,NA,"20240612_Bithermal_EH_XRD_EH20240612Si02CuPc_General_01.ras",NA,TRUE,67507
1874,NA,"20240612_Bithermal_EH_XRD_EH20240612Si02CuPc_General_01.rasx",NA,TRUE,11962
2926,NA,"20240612_Bithermal_EH_XRD_EH20240612Si03CuPc_General_01.asc",NA,TRUE,11082
2927,NA,"20240612_Bithermal_EH_XRD_EH20240612Si03CuPc_General_01.ras",NA,TRUE,67556
1875,NA,"20240612_Bithermal_EH_XRD_EH20240612Si03CuPc_General_01.rasx",NA,TRUE,11977
2929,NA,"20240612_Bithermal_EH_XRR_EH20240612Si01CuPc_Reflectivity_01.asc",NA,TRUE,6855
2930,NA,"20240612_Bithermal_EH_XRR_EH20240612Si01CuPc_Reflectivity_01.ras",NA,TRUE,53320
1876,NA,"20240612_Bithermal_EH_XRR_EH20240612Si01CuPc_Reflectivity_01.rasx",NA,TRUE,9111
2932,NA,"20240612_Bithermal_EH_XRR_EH20240612Si02CuPc_Reflectivity_01.asc",NA,TRUE,6871
2933,NA,"20240612_Bithermal_EH_XRR_EH20240612Si02CuPc_Reflectivity_01.ras",NA,TRUE,53307
1877,NA,"20240612_Bithermal_EH_XRR_EH20240612Si02CuPc_Reflectivity_01.rasx",NA,TRUE,9061
2935,NA,"20240612_Bithermal_EH_XRR_EH20240612Si03CuPc_Reflectivity_01.asc",NA,TRUE,6923
2936,NA,"20240612_Bithermal_EH_XRR_EH20240612Si03CuPc_Reflectivity_01.ras",NA,TRUE,53397
1878,NA,"20240612_Bithermal_EH_XRR_EH20240612Si03CuPc_Reflectivity_01.rasx",NA,TRUE,9159
2956,NA,"20240624_Bithermal_EH_XRD_EH20240612Si04CuPc_General_01.asc",NA,TRUE,11022
2957,NA,"20240624_Bithermal_EH_XRD_EH20240612Si04CuPc_General_01.ras",NA,TRUE,67498
1879,NA,"20240624_Bithermal_EH_XRD_EH20240612Si04CuPc_General_01.rasx",NA,TRUE,11947
2959,NA,"20240624_Bithermal_EH_XRD_EH20240623Si01CuPc_General_01.asc",NA,TRUE,11041
2960,NA,"20240624_Bithermal_EH_XRD_EH20240623Si01CuPc_General_01.ras",NA,TRUE,67539
1880,NA,"20240624_Bithermal_EH_XRD_EH20240623Si01CuPc_General_01.rasx",NA,TRUE,12013
2962,NA,"20240624_Bithermal_EH_XRR_EH20240612Si04CuPc_Reflectivity_01.asc",NA,TRUE,6857
2963,NA,"20240624_Bithermal_EH_XRR_EH20240612Si04CuPc_Reflectivity_01.ras",NA,TRUE,53316
1881,NA,"20240624_Bithermal_EH_XRR_EH20240612Si04CuPc_Reflectivity_01.rasx",NA,TRUE,9076
2965,NA,"20240624_Bithermal_EH_XRR_EH20240623Si01CuPc_Reflectivity_01.asc",NA,TRUE,7008
2966,NA,"20240624_Bithermal_EH_XRR_EH20240623Si01CuPc_Reflectivity_01.ras",NA,TRUE,53390
1882,NA,"20240624_Bithermal_EH_XRR_EH20240623Si01CuPc_Reflectivity_01.rasx",NA,TRUE,9121
2980,NA,"20240625_Bithermal_EH_XRD_EH20240623Si02CuPc_General_01.asc",NA,TRUE,11041
2981,NA,"20240625_Bithermal_EH_XRD_EH20240623Si02CuPc_General_01.ras",NA,TRUE,67541
1883,NA,"20240625_Bithermal_EH_XRD_EH20240623Si02CuPc_General_01.rasx",NA,TRUE,12065
2983,NA,"20240625_Bithermal_EH_XRD_EH20240623Si03CuPc_General_01.asc",NA,TRUE,11082
2984,NA,"20240625_Bithermal_EH_XRD_EH20240623Si03CuPc_General_01.ras",NA,TRUE,67571
1884,NA,"20240625_Bithermal_EH_XRD_EH20240623Si03CuPc_General_01.rasx",NA,TRUE,12019
2986,NA,"20240625_Bithermal_EH_XRR_EH20240623Si02CuPc_Reflectivity_01.asc",NA,TRUE,6938
2987,NA,"20240625_Bithermal_EH_XRR_EH20240623Si02CuPc_Reflectivity_01.ras",NA,TRUE,53466
1885,NA,"20240625_Bithermal_EH_XRR_EH20240623Si02CuPc_Reflectivity_01.rasx",NA,TRUE,9171
2989,NA,"20240625_Bithermal_EH_XRR_EH20240623Si03CuPc_Reflectivity_01.asc",NA,TRUE,7056
2990,NA,"20240625_Bithermal_EH_XRR_EH20240623Si03CuPc_Reflectivity_01.ras",NA,TRUE,53402
1886,NA,"20240625_Bithermal_EH_XRR_EH20240623Si03CuPc_Reflectivity_01.rasx",NA,TRUE,9156
2187,NA,"20240626_Bithermal_EH_XRD_EH20240623Si04CuPc_General_01.asc",NA,TRUE,11058
2188,NA,"20240626_Bithermal_EH_XRD_EH20240623Si04CuPc_General_01.ras",NA,TRUE,67557
2189,NA,"20240626_Bithermal_EH_XRD_EH20240623Si04CuPc_General_01.rasx",NA,TRUE,12086
2190,NA,"20240626_Bithermal_EH_XRR_EH20240623Si04CuPc_Reflectivity_01.asc",NA,TRUE,6829
2191,NA,"20240626_Bithermal_EH_XRR_EH20240623Si04CuPc_Reflectivity_01.ras",NA,TRUE,53433
2192,NA,"20240626_Bithermal_EH_XRR_EH20240623Si04CuPc_Reflectivity_01.rasx",NA,TRUE,9136
2205,NA,"20240919_Bithermal_EH_XRD_EH20240911Si01CuPc_General_01.asc",NA,TRUE,10963
2206,NA,"20240919_Bithermal_EH_XRD_EH20240911Si01CuPc_General_01.rasx",NA,TRUE,11866
2207,NA,"20240919_Bithermal_EH_XRR_EH20240911Si01CuPc_Reflectivity_01.asc",NA,TRUE,6913
2208,NA,"20240919_Bithermal_EH_XRR_EH20240911Si01CuPc_Reflectivity_01.rasx",NA,TRUE,9074
2209,NA,"20240923_Bithermal_EH_XRD_EH20240911Si02CuPc_General_01.asc",NA,TRUE,11004
2210,NA,"20240923_Bithermal_EH_XRD_EH20240911Si02CuPc_General_01.rasx",NA,TRUE,11954
2211,NA,"20240923_Bithermal_EH_XRD_EH20240911Si03CuPc_General_01.asc",NA,TRUE,10973
2212,NA,"20240923_Bithermal_EH_XRD_EH20240911Si03CuPc_General_01.rasx",NA,TRUE,11933
2213,NA,"20240923_Bithermal_EH_XRR_EH20240911Si02CuPc_Reflectivity_01.asc",NA,TRUE,6954
2214,NA,"20240923_Bithermal_EH_XRR_EH20240911Si02CuPc_Reflectivity_01.rasx",NA,TRUE,9092
2215,NA,"20240923_Bithermal_EH_XRR_EH20240911Si03CuPc_Reflectivity_01.asc",NA,TRUE,6933
2216,NA,"20240923_Bithermal_EH_XRR_EH20240911Si03CuPc_Reflectivity_01.rasx",NA,TRUE,9056
2217,NA,"20240926_Bithermal_EH_XRD_EH20240911Si04CuPc_General_01.asc",NA,TRUE,11008
2218,NA,"20240926_Bithermal_EH_XRD_EH20240911Si04CuPc_General_01.rasx",NA,TRUE,11945
2219,NA,"20240926_Bithermal_EH_XRD_EH20240916Si01CuPc_General_01.asc",NA,TRUE,10976
2220,NA,"20240926_Bithermal_EH_XRD_EH20240916Si01CuPc_General_01.rasx",NA,TRUE,11941
2221,NA,"20240926_Bithermal_EH_XRD_EH20240916Si02CuPc_General_01.asc",NA,TRUE,10924
2222,NA,"20240926_Bithermal_EH_XRD_EH20240916Si02CuPc_General_01.rasx",NA,TRUE,11857
2223,NA,"20240926_Bithermal_EH_XRR_EH20240911Si04CuPc_Reflectivity_01.asc",NA,TRUE,6942
2224,NA,"20240926_Bithermal_EH_XRR_EH20240911Si04CuPc_Reflectivity_01.rasx",NA,TRUE,9063
2225,NA,"20240926_Bithermal_EH_XRR_EH20240916Si01CuPc_Reflectivity_01.asc",NA,TRUE,7392
2226,NA,"20240926_Bithermal_EH_XRR_EH20240916Si01CuPc_Reflectivity_01.rasx",NA,TRUE,9050
2227,NA,"20240926_Bithermal_EH_XRR_EH20240916Si02CuPc_Reflectivity_01.asc",NA,TRUE,7346
2228,NA,"20240926_Bithermal_EH_XRR_EH20240916Si02CuPc_Reflectivity_01.rasx",NA,TRUE,9086
2229,NA,"20240927_Bithermal_EH_XRD_EH20240916Si04CuPc_General_01.asc",NA,TRUE,10938
2230,NA,"20240927_Bithermal_EH_XRD_EH20240916Si04CuPc_General_01.rasx",NA,TRUE,11936
2231,NA,"20240927_Bithermal_EH_XRR_EH20240916Si04CuPc_Reflectivity_01.asc",NA,TRUE,7331
2232,NA,"20240927_Bithermal_EH_XRR_EH20240916Si04CuPc_Reflectivity_01.rasx",NA,TRUE,9158
2233,NA,"20240930_Bithermal_EH_XRD_EH20240916Si03CuPc_General_01.asc",NA,TRUE,10967
2234,NA,"20240930_Bithermal_EH_XRD_EH20240916Si03CuPc_General_01.rasx",NA,TRUE,11875
2235,NA,"20240930_Bithermal_EH_XRD_EH20240928Si01CuPc_General_01.asc",NA,TRUE,11054
2236,NA,"20240930_Bithermal_EH_XRD_EH20240928Si01CuPc_General_01.rasx",NA,TRUE,12054
2237,NA,"20240930_Bithermal_EH_XRD_EH20240928Si02CuPc_General_01.asc",NA,TRUE,11088
2238,NA,"20240930_Bithermal_EH_XRD_EH20240928Si02CuPc_General_01.rasx",NA,TRUE,12118
2239,NA,"20240930_Bithermal_EH_XRR_EH20240916Si03CuPc_Reflectivity_01.asc",NA,TRUE,7488
2240,NA,"20240930_Bithermal_EH_XRR_EH20240916Si03CuPc_Reflectivity_01.rasx",NA,TRUE,8977
2241,NA,"20240930_Bithermal_EH_XRR_EH20240928Si01CuPc_Reflectivity_01.asc",NA,TRUE,6940
2242,NA,"20240930_Bithermal_EH_XRR_EH20240928Si01CuPc_Reflectivity_01.rasx",NA,TRUE,9140
2243,NA,"20240930_Bithermal_EH_XRR_EH20240928Si02CuPc_Reflectivity_01.asc",NA,TRUE,7099
2244,NA,"20240930_Bithermal_EH_XRR_EH20240928Si02CuPc_Reflectivity_01.rasx",NA,TRUE,9298
3096,NA,"20241218_Bithermal_EH_XRD_EH20240928Si03CuPc_General_01.asc",NA,TRUE,11118
3097,NA,"20241218_Bithermal_EH_XRD_EH20240928Si03CuPc_General_01.ras",NA,TRUE,67597
3098,NA,"20241218_Bithermal_EH_XRD_EH20240928Si03CuPc_General_01.rasx",NA,TRUE,12097
3099,NA,"20241218_Bithermal_EH_XRD_EH20240928Si04CuPc_General_01.asc",NA,TRUE,11121
3100,NA,"20241218_Bithermal_EH_XRD_EH20240928Si04CuPc_General_01.ras",NA,TRUE,67593
3101,NA,"20241218_Bithermal_EH_XRD_EH20240928Si04CuPc_General_01.rasx",NA,TRUE,12118
3102,NA,"20241218_Bithermal_EH_XRR_EH20240928Si03CuPc_Reflectivity_01.asc",NA,TRUE,7118
3103,NA,"20241218_Bithermal_EH_XRR_EH20240928Si03CuPc_Reflectivity_01.ras",NA,TRUE,53589
3104,NA,"20241218_Bithermal_EH_XRR_EH20240928Si03CuPc_Reflectivity_01.rasx",NA,TRUE,9270
3105,NA,"20241218_Bithermal_EH_XRR_EH20240928Si04CuPc_Reflectivity_01.asc",NA,TRUE,7164
3106,NA,"20241218_Bithermal_EH_XRR_EH20240928Si04CuPc_Reflectivity_01.ras",NA,TRUE,53616
3107,NA,"20241218_Bithermal_EH_XRR_EH20240928Si04CuPc_Reflectivity_01.rasx",NA,TRUE,9301
3120,NA,"20241219_Bithermal_EH_XRD_EH20241210Si01CuPc_General_01.asc",NA,TRUE,11114
3121,NA,"20241219_Bithermal_EH_XRD_EH20241210Si01CuPc_General_01.ras",NA,TRUE,67592
3122,NA,"20241219_Bithermal_EH_XRD_EH20241210Si01CuPc_General_01.rasx",NA,TRUE,12092
3123,NA,"20241219_Bithermal_EH_XRD_EH20241210Si02CuPc_General_01.asc",NA,TRUE,11089
3124,NA,"20241219_Bithermal_EH_XRD_EH20241210Si02CuPc_General_01.ras",NA,TRUE,67572
3125,NA,"20241219_Bithermal_EH_XRD_EH20241210Si02CuPc_General_01.rasx",NA,TRUE,12080
3126,NA,"20241219_Bithermal_EH_XRD_EH20241210Si03CuPc_General_01.asc",NA,TRUE,11112
3127,NA,"20241219_Bithermal_EH_XRD_EH20241210Si03CuPc_General_01.ras",NA,TRUE,67588
3128,NA,"20241219_Bithermal_EH_XRD_EH20241210Si03CuPc_General_01.rasx",NA,TRUE,12131
3129,NA,"20241219_Bithermal_EH_XRD_EH20241210Si04CuPc_General_01.asc",NA,TRUE,11125
3130,NA,"20241219_Bithermal_EH_XRD_EH20241210Si04CuPc_General_01.ras",NA,TRUE,67596
3131,NA,"20241219_Bithermal_EH_XRD_EH20241210Si04CuPc_General_01.rasx",NA,TRUE,12140
3132,NA,"20241219_Bithermal_EH_XRR_EH20241210Si01CuPc_Reflectivity_01.asc",NA,TRUE,6850
3133,NA,"20241219_Bithermal_EH_XRR_EH20241210Si01CuPc_Reflectivity_01.ras",NA,TRUE,53468
3134,NA,"20241219_Bithermal_EH_XRR_EH20241210Si01CuPc_Reflectivity_01.rasx",NA,TRUE,9170
3135,NA,"20241219_Bithermal_EH_XRR_EH20241210Si02CuPc_Reflectivity_01.asc",NA,TRUE,6892
3136,NA,"20241219_Bithermal_EH_XRR_EH20241210Si02CuPc_Reflectivity_01.ras",NA,TRUE,53434
3137,NA,"20241219_Bithermal_EH_XRR_EH20241210Si02CuPc_Reflectivity_01.rasx",NA,TRUE,9185
3138,NA,"20241219_Bithermal_EH_XRR_EH20241210Si03CuPc_Reflectivity_01.asc",NA,TRUE,6928
3139,NA,"20241219_Bithermal_EH_XRR_EH20241210Si03CuPc_Reflectivity_01.ras",NA,TRUE,53469
3140,NA,"20241219_Bithermal_EH_XRR_EH20241210Si03CuPc_Reflectivity_01.rasx",NA,TRUE,9168
3141,NA,"20241219_Bithermal_EH_XRR_EH20241210Si04CuPc_Reflectivity_01.asc",NA,TRUE,6897
3142,NA,"20241219_Bithermal_EH_XRR_EH20241210Si04CuPc_Reflectivity_01.ras",NA,TRUE,53463
3143,NA,"20241219_Bithermal_EH_XRR_EH20241210Si04CuPc_Reflectivity_01.rasx",NA,TRUE,9190
3168,NA,"20241220_Bithermal_EH_XRD_EH20241213Si01CuPc_General_01.asc",NA,TRUE,11014
3169,NA,"20241220_Bithermal_EH_XRD_EH20241213Si01CuPc_General_01.rasx",NA,TRUE,11886
3170,NA,"20241220_Bithermal_EH_XRD_EH20241213Si02CuPc_General_01.asc",NA,TRUE,11012
3171,NA,"20241220_Bithermal_EH_XRD_EH20241213Si02CuPc_General_01.rasx",NA,TRUE,11932
3172,NA,"20241220_Bithermal_EH_XRD_EH20241213Si03CuPc_General_01.asc",NA,TRUE,11017
3173,NA,"20241220_Bithermal_EH_XRD_EH20241213Si03CuPc_General_01.rasx",NA,TRUE,11931
3174,NA,"20241220_Bithermal_EH_XRR_EH20241213Si01CuPc_Reflectivity_01.asc",NA,TRUE,6909
3175,NA,"20241220_Bithermal_EH_XRR_EH20241213Si01CuPc_Reflectivity_01.rasx",NA,TRUE,9045
3176,NA,"20241220_Bithermal_EH_XRR_EH20241213Si02CuPc_Reflectivity_01.asc",NA,TRUE,6914
3177,NA,"20241220_Bithermal_EH_XRR_EH20241213Si02CuPc_Reflectivity_01.rasx",NA,TRUE,9068
3178,NA,"20241220_Bithermal_EH_XRR_EH20241213Si03CuPc_Reflectivity_01.asc",NA,TRUE,6855
3179,NA,"20241220_Bithermal_EH_XRR_EH20241213Si03CuPc_Reflectivity_01.rasx",NA,TRUE,9066
3192,NA,"20250107_Bithermal_EH_XRD_EH20241213Si04CuPc_General_01.asc",NA,TRUE,11034
3193,NA,"20250107_Bithermal_EH_XRD_EH20241213Si04CuPc_General_01.rasx",NA,TRUE,11935
3194,NA,"20250107_Bithermal_EH_XRR_EH20241213Si04CuPc_Reflectivity_01.asc",NA,TRUE,6974
3195,NA,"20250107_Bithermal_EH_XRR_EH20241213Si04CuPc_Reflectivity_01.rasx",NA,TRUE,9059
3200,NA,"20250108_Bithermal_EH_XRD_EH20250108Si01CuPc_General_01_Report.docx",NA,TRUE,248677
3201,NA,"20250108_Bithermal_EH_XRD_EH20250108Si01CuPc_General_01.asc",NA,TRUE,11069
3202,NA,"20250108_Bithermal_EH_XRD_EH20250108Si01CuPc_General_01.rasx",NA,TRUE,12073
3203,NA,"20250108_Bithermal_EH_XRR_EH20250108Si01CuPc_Reflectivity_01_Report.docx",NA,TRUE,248014
3204,NA,"20250108_Bithermal_EH_XRR_EH20250108Si01CuPc_Reflectivity_01.asc",NA,TRUE,6905
3205,NA,"20250108_Bithermal_EH_XRR_EH20250108Si01CuPc_Reflectivity_01.rasx",NA,TRUE,9183
3206,NA,"20250108_Bithermal_EH_XRD_EH20250108Si01CuPc_General_01_Report.docx",NA,TRUE,248678
3209,NA,"20250108_Bithermal_EH_XRR_EH20250108Si01CuPc_Reflectivity_01_Report.docx",NA,TRUE,248011
3212,NA,"20250114_Bithermal_EH_XRD_EH20250108Si02CuPc_General_01_Report.docx",NA,TRUE,238526
3213,NA,"20250114_Bithermal_EH_XRD_EH20250108Si02CuPc_General_01.asc",NA,TRUE,11006
3214,NA,"20250114_Bithermal_EH_XRD_EH20250108Si02CuPc_General_01.rasx",NA,TRUE,11980
3215,NA,"20250114_Bithermal_EH_XRD_EH20250108Si03CuPc_General_01_Report.docx",NA,TRUE,240345
3216,NA,"20250114_Bithermal_EH_XRD_EH20250108Si03CuPc_General_01.asc",NA,TRUE,11073
3217,NA,"20250114_Bithermal_EH_XRD_EH20250108Si03CuPc_General_01.rasx",NA,TRUE,12084
3218,NA,"20250114_Bithermal_EH_XRD_EH20250108Si04CuPc_General_01_Report.docx",NA,TRUE,246005
3219,NA,"20250114_Bithermal_EH_XRD_EH20250108Si04CuPc_General_01.asc",NA,TRUE,11049
3220,NA,"20250114_Bithermal_EH_XRD_EH20250108Si04CuPc_General_01.rasx",NA,TRUE,12033
3221,NA,"20250114_Bithermal_EH_XRR_EH20250108Si02CuPc_Reflectivity_01_Report.docx",NA,TRUE,241415
3222,NA,"20250114_Bithermal_EH_XRR_EH20250108Si02CuPc_Reflectivity_01.asc",NA,TRUE,6888
3223,NA,"20250114_Bithermal_EH_XRR_EH20250108Si02CuPc_Reflectivity_01.rasx",NA,TRUE,9100
3224,NA,"20250114_Bithermal_EH_XRR_EH20250108Si03CuPc_Reflectivity_01_Report.docx",NA,TRUE,289633
3225,NA,"20250114_Bithermal_EH_XRR_EH20250108Si03CuPc_Reflectivity_01.asc",NA,TRUE,6896
3226,NA,"20250114_Bithermal_EH_XRR_EH20250108Si03CuPc_Reflectivity_01.rasx",NA,TRUE,9109
3227,NA,"20250114_Bithermal_EH_XRR_EH20250108Si04CuPc_Reflectivity_01_Report.docx",NA,TRUE,287435
3228,NA,"20250114_Bithermal_EH_XRR_EH20250108Si04CuPc_Reflectivity_01.asc",NA,TRUE,6922
3229,NA,"20250114_Bithermal_EH_XRR_EH20250108Si04CuPc_Reflectivity_01.rasx",NA,TRUE,9112
3230,NA,"20250114_Bithermal_EH_XRD_EH20250108Si02CuPc_General_01_Report.docx",NA,TRUE,238532
3233,NA,"20250114_Bithermal_EH_XRD_EH20250108Si03CuPc_General_01_Report.docx",NA,TRUE,240349
3236,NA,"20250114_Bithermal_EH_XRD_EH20250108Si04CuPc_General_01_Report.docx",NA,TRUE,246012
3239,NA,"20250114_Bithermal_EH_XRR_EH20250108Si02CuPc_Reflectivity_01_Report.docx",NA,TRUE,241412
3242,NA,"20250114_Bithermal_EH_XRR_EH20250108Si03CuPc_Reflectivity_01_Report.docx",NA,TRUE,289638
3245,NA,"20250114_Bithermal_EH_XRR_EH20250108Si04CuPc_Reflectivity_01_Report.docx",NA,TRUE,287434
1331,NA,"20231113_Bithermal_EH_XRD_EH20231106Si01CuPc_General_01.asc",NA,TRUE,9519
1332,NA,"20231113_Bithermal_EH_XRD_EH20231106Si01CuPc_General_01.rasx",NA,TRUE,11152
1333,NA,"20231113_Bithermal_EH_XRD_EH20231106Si02CuPc_General_01.asc",NA,TRUE,9447
1334,NA,"20231113_Bithermal_EH_XRD_EH20231106Si02CuPc_General_01.rasx",NA,TRUE,11056
1335,NA,"20231113_Bithermal_EH_XRD_EH20231106Si03CuPc_General_01.asc",NA,TRUE,9516
1336,NA,"20231113_Bithermal_EH_XRD_EH20231106Si03CuPc_General_01.rasx",NA,TRUE,11115
1337,NA,"20231113_Bithermal_EH_XRD_EH20231106Si04CuPc_General_01.asc",NA,TRUE,9528
1338,NA,"20231113_Bithermal_EH_XRD_EH20231106Si04CuPc_General_01.rasx",NA,TRUE,11169
1339,NA,"20231113_Bithermal_EH_XRR_EH20231106Si01CuPc_Reflectivity_01.asc",NA,TRUE,7169
1340,NA,"20231113_Bithermal_EH_XRR_EH20231106Si01CuPc_Reflectivity_01.rasx",NA,TRUE,9172
1341,NA,"20231113_Bithermal_EH_XRR_EH20231106Si02CuPc_Reflectivity_01.asc",NA,TRUE,7234
1342,NA,"20231113_Bithermal_EH_XRR_EH20231106Si02CuPc_Reflectivity_01.rasx",NA,TRUE,9200
1343,NA,"20231113_Bithermal_EH_XRR_EH20231106Si03CuPc_Reflectivity_01.asc",NA,TRUE,7189
1344,NA,"20231113_Bithermal_EH_XRR_EH20231106Si03CuPc_Reflectivity_01.rasx",NA,TRUE,9209
1345,NA,"20231113_Bithermal_EH_XRR_EH20231106Si04CuPc_Reflectivity_01.asc",NA,TRUE,7178
1346,NA,"20231113_Bithermal_EH_XRR_EH20231106Si04CuPc_Reflectivity_01.rasx",NA,TRUE,9171
1355,NA,"20231201_Bithermal_EH_XRD_EH20231123Si01CuPc_General_01.asc",NA,TRUE,11080
1356,NA,"20231201_Bithermal_EH_XRD_EH20231123Si01CuPc_General_01.ras",NA,TRUE,67581
1357,NA,"20231201_Bithermal_EH_XRD_EH20231123Si01CuPc_General_01.rasx",NA,TRUE,12076
1358,NA,"20231201_Bithermal_EH_XRD_EH20231123Si02CuPc_General_01.asc",NA,TRUE,11029
1359,NA,"20231201_Bithermal_EH_XRD_EH20231123Si02CuPc_General_01.ras",NA,TRUE,67539
1360,NA,"20231201_Bithermal_EH_XRD_EH20231123Si02CuPc_General_01.rasx",NA,TRUE,11989
1361,NA,"20231201_Bithermal_EH_XRD_EH20231123Si03CuPc_General_01.asc",NA,TRUE,11070
1362,NA,"20231201_Bithermal_EH_XRD_EH20231123Si03CuPc_General_01.ras",NA,TRUE,67576
1363,NA,"20231201_Bithermal_EH_XRD_EH20231123Si03CuPc_General_01.rasx",NA,TRUE,12122
1364,NA,"20231201_Bithermal_EH_XRD_EH20231123Si04CuPc_General_01.asc",NA,TRUE,11098
1365,NA,"20231201_Bithermal_EH_XRD_EH20231123Si04CuPc_General_01.ras",NA,TRUE,67596
1366,NA,"20231201_Bithermal_EH_XRD_EH20231123Si04CuPc_General_01.rasx",NA,TRUE,12082
1367,NA,"20231210_Bithermal_EH_XRR_EH20231123Si01CuPc_Reflectivity_01.asc",NA,TRUE,7169
1368,NA,"20231210_Bithermal_EH_XRR_EH20231123Si01CuPc_Reflectivity_01.ras",NA,TRUE,53488
1369,NA,"20231210_Bithermal_EH_XRR_EH20231123Si01CuPc_Reflectivity_01.rasx",NA,TRUE,9176
1370,NA,"20231210_Bithermal_EH_XRR_EH20231123Si02CuPc_Reflectivity_01.asc",NA,TRUE,7131
1371,NA,"20231210_Bithermal_EH_XRR_EH20231123Si02CuPc_Reflectivity_01.ras",NA,TRUE,53571
1372,NA,"20231210_Bithermal_EH_XRR_EH20231123Si02CuPc_Reflectivity_01.rasx",NA,TRUE,9215
1373,NA,"20231210_Bithermal_EH_XRR_EH20231123Si03CuPc_Reflectivity_01.asc",NA,TRUE,7117
1374,NA,"20231210_Bithermal_EH_XRR_EH20231123Si03CuPc_Reflectivity_01.ras",NA,TRUE,53459
1375,NA,"20231210_Bithermal_EH_XRR_EH20231123Si03CuPc_Reflectivity_01.rasx",NA,TRUE,9155
1376,NA,"20231210_Bithermal_EH_XRR_EH20231123Si04CuPc_Reflectivity_01.asc",NA,TRUE,7111
1377,NA,"20231210_Bithermal_EH_XRR_EH20231123Si04CuPc_Reflectivity_01.ras",NA,TRUE,53545
1378,NA,"20231210_Bithermal_EH_XRR_EH20231123Si04CuPc_Reflectivity_01.rasx",NA,TRUE,9202
1495,NA,"20231205_Bithermal_EH_XRD_EH20231203Si01CuPc_General_01.rasx",NA,TRUE,12104
1496,NA,"20231205_Bithermal_EH_XRD_EH20231203Si02CuPc_General_01.rasx",NA,TRUE,12093
1497,NA,"20231205_Bithermal_EH_XRD_EH20231203Si03CuPc_General_01.rasx",NA,TRUE,12112
1498,NA,"20231205_Bithermal_EH_XRR_EH20231203Si01CuPc_Reflectivity_01.rasx",NA,TRUE,9197
1499,NA,"20231205_Bithermal_EH_XRR_EH20231203Si02CuPc_Reflectivity_01.rasx",NA,TRUE,9213
1500,NA,"20231205_Bithermal_EH_XRR_EH20231203Si03CuPc_Reflectivity_01.rasx",NA,TRUE,9227
3496,NA,"20250108_Bithermal_EH_XRD_EH20250108Si01CuPc_General_01_Report.docx",NA,TRUE,248652
3499,NA,"20250108_Bithermal_EH_XRR_EH20250108Si01CuPc_Reflectivity_01_Report.docx",NA,TRUE,247988
3502,NA,"20250114_Bithermal_EH_XRD_EH20250108Si02CuPc_General_01_Report.docx",NA,TRUE,238504
3505,NA,"20250114_Bithermal_EH_XRD_EH20250108Si03CuPc_General_01_Report.docx",NA,TRUE,240324
3508,NA,"20250114_Bithermal_EH_XRD_EH20250108Si04CuPc_General_01_Report.docx",NA,TRUE,245989
3511,NA,"20250114_Bithermal_EH_XRR_EH20250108Si02CuPc_Reflectivity_01_Report.docx",NA,TRUE,241394
3514,NA,"20250114_Bithermal_EH_XRR_EH20250108Si03CuPc_Reflectivity_01_Report.docx",NA,TRUE,289614
3517,NA,"20250114_Bithermal_EH_XRR_EH20250108Si04CuPc_Reflectivity_01_Report.docx",NA,TRUE,287416
3586,NA,"20231205_Bithermal_EH_XRD_EH20231203Si01CuPc_General_01.asc",NA,TRUE,11148
3587,NA,"20231205_Bithermal_EH_XRD_EH20231203Si01CuPc_General_01.ras",NA,TRUE,67629
3589,NA,"20231205_Bithermal_EH_XRD_EH20231203Si02CuPc_General_01.asc",NA,TRUE,11143
3590,NA,"20231205_Bithermal_EH_XRD_EH20231203Si02CuPc_General_01.ras",NA,TRUE,67618
3592,NA,"20231205_Bithermal_EH_XRD_EH20231203Si03CuPc_General_01.asc",NA,TRUE,11171
3593,NA,"20231205_Bithermal_EH_XRD_EH20231203Si03CuPc_General_01.ras",NA,TRUE,67646
3595,NA,"20231205_Bithermal_EH_XRR_EH20231203Si01CuPc_Reflectivity_01.asc",NA,TRUE,7041
3596,NA,"20231205_Bithermal_EH_XRR_EH20231203Si01CuPc_Reflectivity_01.ras",NA,TRUE,53454
3598,NA,"20231205_Bithermal_EH_XRR_EH20231203Si02CuPc_Reflectivity_01.asc",NA,TRUE,7110
3599,NA,"20231205_Bithermal_EH_XRR_EH20231203Si02CuPc_Reflectivity_01.ras",NA,TRUE,53466
3601,NA,"20231205_Bithermal_EH_XRR_EH20231203Si03CuPc_Reflectivity_01.asc",NA,TRUE,7188
3602,NA,"20231205_Bithermal_EH_XRR_EH20231203Si03CuPc_Reflectivity_01.ras",NA,TRUE,53491
